id,Dominant Emotion,Dominant Race
1235,happy,middle eastern
1236,happy,middle eastern
1247,sad,white
1268,fear,asian
1274,neutral,asian
1275,angry,black
1324,happy,white
1348,happy,middle eastern
1349,happy,asian
1359,angry,latino hispanic
1364,sad,white
1392,happy,black
1395,fear,asian
1467,happy,middle eastern
1468,fear,white
1472,neutral,asian
1476,sad,white
1483,sad,black
1487,fear,white
1492,neutral,asian
1498,fear,white
1526,happy,white
1547,happy,white
1548,neutral,white
1564,happy,white
1589,neutral,white
1643,neutral,latino hispanic
1649,happy,white
1658,neutral,white
1694,neutral,latino hispanic
1698,neutral,white
1742,neutral,asian
1743,happy,white
1749,happy,white
1765,sad,black
1794,neutral,white
1796,happy,middle eastern
1823,neutral,asian
1829,surprise,white
1835,happy,white
1836,fear,white
1865,happy,white
1892,neutral,black
1896,fear,middle eastern
1924,sad,white
1937,happy,middle eastern
1967,sad,black
1974,sad,latino hispanic
1975,neutral,asian
2143,neutral,middle eastern
2168,sad,white
2315,sad,white
2316,happy,black
2317,sad,white
2358,happy,white
2374,neutral,black
2385,neutral,black
2413,neutral,white
2416,happy,middle eastern
2439,fear,white
2461,happy,white
2485,sad,white
2514,angry,white
2519,neutral,asian
2543,neutral,asian
2561,neutral,asian
2571,happy,black
2581,sad,white
2631,angry,white
2674,happy,asian
2691,neutral,indian
2763,sad,white
2764,sad,black
2795,happy,white
2814,fear,white
2816,surprise,asian
2841,neutral,white
2853,neutral,middle eastern
2854,happy,middle eastern
2863,happy,black
2867,neutral,white
2891,happy,middle eastern
2894,neutral,white
2918,neutral,middle eastern
2935,surprise,asian
2946,happy,white
2947,happy,middle eastern
2958,neutral,white
2965,neutral,white
2967,fear,white
2983,happy,white
2984,neutral,black
2987,happy,white
3124,sad,white
3128,angry,black
3146,fear,white
3162,happy,white
3178,happy,white
3186,fear,white
3187,sad,white
3214,sad,white
3241,neutral,black
3246,happy,white
3248,neutral,white
3251,sad,white
3256,angry,white
3279,sad,middle eastern
3285,happy,latino hispanic
3291,happy,white
3296,sad,white
3298,neutral,white
3482,sad,white
3524,sad,latino hispanic
3528,fear,white
3567,happy,latino hispanic
3568,happy,asian
3591,surprise,white
3624,sad,middle eastern
3718,happy,middle eastern
3745,happy,white
3759,happy,white
3764,sad,middle eastern
3789,sad,white
3795,neutral,asian
3845,fear,black
3847,happy,middle eastern
3854,sad,white
3861,neutral,white
3864,fear,middle eastern
3875,happy,white
3896,sad,white
3981,fear,black
3984,neutral,indian
4125,fear,white
4156,angry,middle eastern
4163,happy,asian
4175,neutral,white
4183,sad,white
4187,angry,white
4263,neutral,middle eastern
4267,happy,white
4273,neutral,white
4295,fear,asian
4296,neutral,white
4321,fear,white
4356,happy,latino hispanic
4397,happy,asian
4563,angry,asian
4568,neutral,black
4637,angry,white
4651,surprise,white
4682,happy,latino hispanic
4683,neutral,indian
4712,happy,white
4718,sad,white
4719,happy,white
4726,sad,middle eastern
4735,sad,white
4758,neutral,asian
4759,happy,asian
4762,neutral,black
4768,fear,white
4782,happy,black
4783,happy,white
4798,sad,middle eastern
4823,neutral,white
4859,neutral,black
4873,neutral,white
4879,angry,white
4892,sad,white
4926,happy,white
4938,angry,white
4971,happy,white
4986,sad,latino hispanic
5126,neutral,white
5129,neutral,white
5148,happy,asian
5172,happy,white
5183,sad,white
5198,happy,white
5213,angry,white
5218,happy,white
5231,happy,white
5249,sad,white
5269,fear,latino hispanic
5276,happy,white
5279,happy,white
5283,neutral,middle eastern
5327,neutral,white
5329,angry,white
5349,neutral,asian
5372,sad,white
5389,angry,middle eastern
5429,fear,white
5436,happy,asian
5462,happy,white
5463,sad,middle eastern
5483,neutral,latino hispanic
5489,happy,middle eastern
5612,happy,white
5614,happy,black
5617,happy,black
5649,neutral,latino hispanic
5712,neutral,asian
5726,surprise,white
5734,happy,black
5736,happy,white
5761,neutral,white
5762,angry,white
5792,surprise,white
5798,happy,latino hispanic
5832,sad,white
5846,fear,white
5912,angry,white
5914,happy,middle eastern
5918,sad,white
5936,neutral,white
5942,happy,asian
5943,neutral,white
5978,happy,black
5986,neutral,latino hispanic
5987,sad,white
6147,happy,asian
6157,sad,white
6158,happy,white
6213,happy,white
6231,angry,white
6248,happy,black
6273,sad,black
6275,neutral,black
6291,neutral,white
6295,happy,white
6325,fear,white
6349,happy,black
6375,neutral,white
6387,happy,middle eastern
6392,happy,asian
6412,fear,white
6415,angry,white
6425,happy,white
6427,angry,white
6431,neutral,white
6439,sad,white
6458,happy,white
6479,happy,white
6483,happy,white
6491,neutral,asian
6519,sad,white
6524,neutral,black
6531,neutral,white
6534,sad,white
6539,angry,white
6541,happy,white
6547,happy,white
6579,neutral,white
6597,surprise,white
6714,happy,asian
6739,fear,white
6759,happy,white
6791,happy,black
6795,neutral,white
6824,happy,white
6825,happy,white
6832,neutral,white
6842,angry,asian
6852,happy,asian
6859,happy,white
6931,neutral,asian
6948,angry,white
6973,angry,asian
7126,happy,indian
7135,sad,asian
7159,happy,white
7164,sad,asian
7193,happy,black
7234,neutral,white
7236,happy,white
7239,sad,middle eastern
7258,disgust,latino hispanic
7286,angry,middle eastern
7291,fear,black
7312,sad,white
7319,happy,white
7391,neutral,black
7392,happy,white
7438,happy,white
7458,angry,white
7463,happy,middle eastern
7496,happy,latino hispanic
7528,happy,white
7539,surprise,white
7591,fear,white
7594,neutral,white
7612,happy,latino hispanic
7618,angry,indian
7632,angry,white
7652,sad,latino hispanic
7653,fear,white
7692,fear,black
7836,sad,middle eastern
7839,neutral,latino hispanic
7849,sad,white
7851,happy,middle eastern
7852,neutral,white
7893,happy,white
7926,sad,white
7935,sad,white
7956,happy,black
7968,neutral,black
7984,happy,black
8125,sad,white
8126,happy,black
8134,happy,latino hispanic
8162,sad,black
8175,neutral,middle eastern
8176,sad,latino hispanic
8196,happy,latino hispanic
8219,angry,white
8234,happy,white
8241,angry,latino hispanic
8251,happy,white
8254,surprise,asian
8349,sad,white
8395,neutral,black
8439,happy,black
8451,sad,white
8452,angry,white
8476,happy,white
8516,angry,asian
8523,happy,asian
8524,happy,white
8546,fear,middle eastern
8569,happy,asian
8571,happy,asian
8621,neutral,white
8627,fear,white
8637,angry,black
8641,neutral,white
8645,neutral,middle eastern
8652,sad,white
8653,happy,white
8654,angry,latino hispanic
8691,neutral,white
8695,happy,indian
8716,neutral,white
8732,sad,middle eastern
8793,angry,white
8957,fear,white
8962,angry,middle eastern
9126,happy,latino hispanic
9132,neutral,white
9148,neutral,middle eastern
9187,angry,middle eastern
9213,neutral,asian
9215,sad,white
9238,happy,black
9251,sad,white
9267,fear,white
9268,happy,white
9284,happy,black
9285,happy,white
9286,sad,middle eastern
9321,happy,white
9324,happy,middle eastern
9326,neutral,white
9352,happy,white
9364,happy,black
9368,happy,white
9374,neutral,white
9382,fear,white
9384,happy,asian
9385,neutral,indian
9413,sad,middle eastern
9423,happy,middle eastern
9426,neutral,white
9457,neutral,asian
9462,happy,latino hispanic
9467,happy,latino hispanic
9482,happy,white
9513,neutral,asian
9514,neutral,white
9518,happy,white
9634,angry,latino hispanic
9642,happy,white
9657,sad,white
9675,neutral,white
9682,neutral,white
9723,fear,black
9731,angry,white
9756,sad,white
9765,fear,white
9781,angry,black
9814,neutral,black
9823,fear,asian
9827,neutral,asian
9834,happy,black
9841,happy,white
9843,happy,latino hispanic
9852,sad,middle eastern
9863,happy,white
9875,neutral,white
10256,happy,indian
10258,fear,latino hispanic
10259,sad,black
10263,angry,white
10264,neutral,white
10283,neutral,latino hispanic
10287,sad,asian
10328,fear,white
10357,fear,white
10358,sad,black
10362,happy,latino hispanic
10372,fear,white
10384,fear,asian
10453,sad,latino hispanic
10483,angry,white
10489,happy,black
10492,neutral,white
10528,sad,white
10572,happy,middle eastern
10574,fear,asian
10576,fear,white
10583,fear,latino hispanic
10584,neutral,white
10589,happy,white
10649,happy,white
10659,happy,asian
10673,sad,white
10682,happy,middle eastern
10692,happy,middle eastern
10693,fear,middle eastern
10748,fear,asian
10752,happy,black
10759,happy,white
10785,happy,asian
10793,happy,middle eastern
10835,sad,white
10843,sad,white
10853,neutral,white
10936,happy,black
10956,angry,white
10962,angry,white
10967,fear,asian
10972,happy,white
10976,surprise,white
12059,happy,white
12074,angry,asian
12094,sad,white
12309,happy,white
12348,neutral,white
12374,neutral,latino hispanic
12468,neutral,asian
12489,happy,white
12490,happy,middle eastern
12509,sad,white
12547,happy,white
12570,happy,white
12597,fear,white
12604,happy,white
12643,happy,white
12650,neutral,white
12673,neutral,white
12675,happy,white
12678,sad,white
12704,neutral,middle eastern
12750,fear,white
12754,happy,asian
12793,sad,latino hispanic
12873,neutral,white
12890,fear,middle eastern
12894,happy,white
12907,fear,black
12936,happy,middle eastern
12953,neutral,white
12956,angry,indian
12957,happy,asian
12968,happy,white
12983,happy,asian
13026,sad,white
13042,neutral,middle eastern
13045,happy,white
13069,happy,white
13085,happy,middle eastern
13095,sad,white
13248,neutral,white
13269,fear,white
13276,sad,asian
13289,fear,white
13402,happy,white
13426,happy,white
13428,happy,white
13458,fear,white
13459,happy,latino hispanic
13460,happy,latino hispanic
13465,fear,white
13478,neutral,white
13495,neutral,middle eastern
13520,neutral,white
13548,happy,white
13579,happy,black
13596,happy,white
13602,neutral,asian
13607,happy,white
13609,fear,white
13647,happy,middle eastern
13697,happy,middle eastern
13720,neutral,white
13745,fear,asian
13764,angry,white
13765,neutral,black
13792,sad,asian
13795,fear,middle eastern
13798,sad,white
13806,neutral,white
13852,angry,middle eastern
13857,happy,white
13859,angry,indian
13870,sad,latino hispanic
13875,angry,asian
13890,angry,white
13895,angry,white
13902,happy,white
13906,happy,black
13960,angry,middle eastern
13962,fear,asian
13968,neutral,asian
13976,happy,white
13986,happy,white
14026,happy,white
14028,sad,white
14059,neutral,white
14067,happy,white
14072,sad,middle eastern
14078,fear,black
14083,happy,white
14087,angry,white
14096,angry,white
14236,fear,white
14238,sad,latino hispanic
14259,fear,asian
14276,neutral,asian
14296,neutral,white
14297,neutral,indian
14306,happy,white
14362,fear,black
14372,happy,latino hispanic
14375,neutral,white
14379,fear,latino hispanic
14389,happy,asian
14507,fear,white
14530,sad,white
14580,happy,black
14583,sad,white
14602,sad,white
14603,happy,white
14625,sad,asian
14632,happy,asian
14650,happy,white
14657,neutral,white
14658,sad,white
14675,fear,white
14685,sad,asian
14695,neutral,black
14728,happy,middle eastern
14765,neutral,white
14769,happy,white
14789,neutral,middle eastern
14802,happy,white
14823,surprise,white
14856,neutral,latino hispanic
14865,sad,white
14879,fear,latino hispanic
14893,neutral,asian
14950,angry,white
14953,sad,middle eastern
14965,sad,white
14975,neutral,white
14976,happy,latino hispanic
15037,happy,middle eastern
15049,angry,middle eastern
15064,angry,white
15072,happy,middle eastern
15076,angry,white
15078,neutral,white
15083,neutral,white
15203,neutral,white
15278,neutral,white
15283,neutral,white
15306,neutral,asian
15320,sad,black
15328,neutral,black
15368,happy,asian
15374,neutral,black
15407,neutral,white
15409,sad,white
15420,fear,white
15427,sad,white
15473,neutral,white
15478,happy,white
15480,sad,middle eastern
15493,happy,middle eastern
15603,sad,latino hispanic
15609,sad,latino hispanic
15694,happy,white
15720,disgust,white
15726,angry,black
15728,sad,white
15746,happy,white
15768,angry,black
15798,sad,latino hispanic
15803,sad,white
15809,neutral,white
15824,happy,white
15839,fear,latino hispanic
15872,neutral,white
15892,happy,middle eastern
15893,sad,black
15906,neutral,black
15920,happy,middle eastern
15926,happy,white
15936,angry,asian
15937,neutral,white
15942,happy,latino hispanic
16039,happy,black
16048,happy,asian
16053,sad,white
16097,happy,white
16234,fear,black
16254,happy,white
16275,happy,latino hispanic
16340,fear,indian
16348,neutral,white
16359,happy,latino hispanic
16395,happy,white
16420,neutral,white
16423,fear,asian
16437,happy,black
16458,sad,white
16478,angry,white
16480,happy,asian
16492,angry,white
16509,neutral,white
16529,sad,asian
16532,happy,white
16538,sad,black
16540,neutral,middle eastern
16592,neutral,latino hispanic
16598,neutral,black
16734,happy,black
16780,neutral,black
16783,fear,white
16820,sad,white
16824,fear,white
16830,sad,white
16832,fear,white
16837,fear,white
16850,angry,white
16892,angry,black
16894,sad,middle eastern
16903,neutral,white
16904,angry,white
16920,happy,white
16923,happy,middle eastern
16927,angry,white
16934,happy,black
16935,happy,white
16947,sad,white
16948,happy,black
16954,angry,white
17023,neutral,white
17025,surprise,latino hispanic
17058,neutral,black
17082,happy,asian
17086,happy,white
17093,happy,white
17209,angry,latino hispanic
17234,fear,middle eastern
17236,neutral,white
17285,neutral,white
17289,sad,white
17352,sad,white
17369,fear,latino hispanic
17392,happy,white
17398,sad,white
17420,surprise,white
17425,neutral,white
17450,neutral,middle eastern
17458,surprise,black
17459,angry,white
17469,neutral,white
17493,neutral,latino hispanic
17508,fear,white
17523,neutral,white
17530,sad,middle eastern
17548,sad,white
17594,angry,white
17596,happy,black
17623,neutral,black
17802,neutral,middle eastern
17829,fear,middle eastern
17834,happy,middle eastern
17835,sad,asian
17842,angry,white
17852,neutral,white
17853,angry,asian
17864,sad,asian
17869,neutral,white
17894,sad,asian
17904,happy,white
17908,fear,white
17938,happy,asian
17948,happy,asian
17950,happy,asian
17953,angry,black
17962,sad,white
18034,neutral,white
18074,neutral,white
18094,angry,asian
18203,neutral,white
18204,neutral,middle eastern
18207,neutral,white
18234,neutral,asian
18254,sad,white
18294,angry,asian
18306,angry,white
18307,neutral,white
18325,happy,latino hispanic
18350,surprise,white
18379,sad,latino hispanic
18397,angry,asian
18420,neutral,black
18450,happy,white
18490,neutral,white
18504,angry,white
18529,surprise,black
18532,happy,white
18593,happy,middle eastern
18594,sad,white
18640,sad,black
18650,happy,white
18673,happy,white
18675,sad,black
18679,sad,white
18693,happy,asian
18759,happy,black
18790,sad,white
18926,happy,white
19036,fear,black
19062,sad,white
19065,sad,asian
19074,sad,latino hispanic
19203,happy,white
19206,happy,asian
19238,neutral,white
19240,neutral,white
19247,neutral,white
19248,happy,black
19256,sad,white
19320,happy,white
19342,happy,white
19345,sad,asian
19346,happy,asian
19358,neutral,white
19367,sad,white
19372,neutral,middle eastern
19375,angry,latino hispanic
19385,neutral,white
19406,happy,white
19420,sad,black
19438,neutral,latino hispanic
19458,neutral,black
19472,neutral,white
19487,sad,latino hispanic
19507,fear,white
19526,happy,white
19567,happy,white
19573,fear,indian
19586,sad,middle eastern
19604,angry,middle eastern
19647,angry,white
19653,fear,white
19678,happy,black
19705,happy,middle eastern
19736,happy,white
19763,neutral,white
19768,angry,latino hispanic
19783,sad,middle eastern
19836,sad,white
19845,fear,white
19860,happy,white
20145,happy,latino hispanic
20154,neutral,asian
20165,surprise,white
20184,fear,latino hispanic
20194,neutral,white
20195,happy,white
20317,sad,white
20318,happy,white
20374,happy,middle eastern
20395,happy,white
20413,happy,white
20485,angry,white
20538,happy,white
20568,happy,middle eastern
20578,angry,black
20657,happy,white
20673,fear,white
20684,neutral,middle eastern
20718,neutral,asian
20739,angry,latino hispanic
20749,sad,middle eastern
20751,fear,white
20759,neutral,white
20781,happy,black
20814,neutral,asian
20815,happy,black
20873,happy,white
20879,fear,white
20891,fear,asian
20913,fear,asian
20915,neutral,white
20931,sad,white
20936,sad,white
20943,happy,white
20945,neutral,white
20951,fear,middle eastern
20956,fear,white
20957,neutral,latino hispanic
20974,happy,white
20978,fear,white
20984,fear,white
21035,happy,white
21038,neutral,black
21043,surprise,white
21059,happy,latino hispanic
21063,angry,white
21065,neutral,white
21067,angry,black
21078,angry,white
21083,sad,black
21096,sad,white
21309,happy,asian
21364,neutral,latino hispanic
21387,happy,latino hispanic
21394,neutral,black
21408,fear,white
21436,fear,white
21468,neutral,black
21497,neutral,asian
21530,happy,white
21534,happy,asian
21547,neutral,asian
21548,fear,white
21593,fear,white
21605,sad,indian
21607,sad,white
21637,happy,white
21640,happy,white
21647,sad,white
21650,sad,white
21693,happy,black
21698,happy,black
21730,happy,asian
21740,neutral,white
21749,happy,asian
21780,angry,white
21836,neutral,middle eastern
21890,happy,black
21908,fear,white
21946,sad,white
21948,happy,white
21950,sad,white
21963,neutral,white
21973,happy,white
23014,fear,white
23054,fear,middle eastern
23059,angry,white
23061,angry,asian
23076,angry,white
23091,happy,white
23096,sad,latino hispanic
23109,angry,asian
23140,sad,white
23154,sad,white
23159,happy,latino hispanic
23197,neutral,white
23198,happy,white
23401,surprise,white
23408,happy,white
23415,neutral,asian
23478,sad,white
23504,neutral,asian
23510,angry,white
23519,happy,white
23576,fear,white
23581,happy,indian
23619,neutral,white
23648,neutral,white
23657,happy,white
23698,neutral,asian
23705,happy,asian
23745,sad,white
23751,happy,latino hispanic
23760,neutral,white
23761,angry,white
23807,happy,black
23817,fear,white
23841,fear,latino hispanic
23851,neutral,latino hispanic
23854,neutral,white
23859,sad,white
23908,happy,asian
23910,neutral,black
23954,fear,asian
23957,angry,black
23971,happy,black
24039,fear,asian
24061,neutral,black
24067,fear,white
24069,happy,white
24083,happy,white
24095,happy,asian
24178,neutral,latino hispanic
24197,happy,black
24309,happy,white
24319,happy,middle eastern
24351,fear,black
24357,sad,asian
24376,neutral,black
24390,happy,white
24396,fear,latino hispanic
24501,surprise,white
24538,happy,white
24603,sad,black
24607,neutral,latino hispanic
24631,sad,latino hispanic
24658,sad,white
24687,angry,white
24713,neutral,white
24738,angry,white
24751,happy,black
24756,neutral,latino hispanic
24769,angry,white
24781,angry,white
24851,fear,white
24859,fear,white
24861,sad,asian
24875,happy,white
24891,happy,white
24905,neutral,white
24986,fear,middle eastern
25013,happy,white
25017,happy,asian
25037,neutral,white
25137,happy,white
25170,sad,white
25174,sad,white
25193,sad,white
25314,neutral,asian
25318,happy,white
25367,sad,white
25370,sad,white
25376,angry,white
25386,sad,middle eastern
25489,fear,white
25493,happy,white
25497,sad,white
25634,neutral,black
25643,angry,white
25687,surprise,white
25706,sad,white
25709,happy,white
25713,neutral,white
25716,happy,black
25731,happy,indian
25748,sad,middle eastern
25760,happy,white
25780,happy,middle eastern
25791,happy,white
25837,angry,white
25913,happy,middle eastern
25914,happy,middle eastern
25948,happy,middle eastern
25968,neutral,white
25983,happy,white
25986,neutral,white
26014,fear,latino hispanic
26031,neutral,asian
26043,neutral,asian
26049,sad,latino hispanic
26073,fear,white
26095,happy,white
26153,happy,white
26170,happy,middle eastern
26184,sad,white
26187,neutral,black
26307,happy,latino hispanic
26315,fear,black
26318,neutral,white
26319,happy,white
26340,sad,latino hispanic
26370,sad,white
26371,happy,latino hispanic
26419,sad,white
26439,neutral,white
26493,fear,white
26507,neutral,latino hispanic
26531,sad,white
26534,neutral,latino hispanic
26538,fear,white
26571,angry,white
26573,sad,white
26579,neutral,middle eastern
26709,sad,black
26741,angry,white
26759,sad,white
26784,happy,white
26795,neutral,latino hispanic
26803,happy,white
26839,neutral,latino hispanic
26891,happy,indian
26905,happy,middle eastern
26910,sad,white
26943,neutral,white
26984,surprise,middle eastern
26985,neutral,white
27043,fear,middle eastern
27156,happy,middle eastern
27169,neutral,white
27308,happy,white
27309,happy,white
27318,happy,asian
27341,angry,white
27365,neutral,middle eastern
27405,neutral,black
27408,happy,white
27410,happy,black
27418,happy,latino hispanic
27461,happy,white
27468,sad,white
27480,angry,middle eastern
27489,neutral,white
27496,sad,white
27503,surprise,white
27506,happy,black
27563,angry,latino hispanic
27568,neutral,black
27580,neutral,black
27605,fear,asian
27613,sad,asian
27659,happy,black
27801,neutral,white
27816,happy,black
27843,happy,white
27860,happy,asian
27861,happy,white
27864,sad,white
27895,sad,latino hispanic
27901,sad,white
27905,neutral,indian
27913,neutral,white
27914,neutral,middle eastern
27915,happy,white
27948,happy,white
27950,angry,indian
27956,neutral,white
27965,happy,black
27986,fear,asian
28039,neutral,middle eastern
28049,neutral,white
28063,happy,black
28074,neutral,black
28076,fear,white
28096,angry,white
28134,sad,white
28147,sad,asian
28154,sad,white
28163,fear,middle eastern
28190,sad,white
28195,neutral,black
28196,neutral,white
28197,neutral,middle eastern
28315,angry,middle eastern
28360,happy,white
28369,fear,white
28374,neutral,latino hispanic
28391,neutral,black
28396,neutral,asian
28405,happy,white
28435,happy,white
28436,neutral,white
28439,neutral,black
28479,happy,white
28504,happy,white
28516,fear,asian
28517,sad,white
28561,neutral,white
28590,sad,white
28597,angry,indian
28617,surprise,white
28639,sad,middle eastern
28641,sad,asian
28657,fear,white
28659,neutral,white
28670,sad,white
28690,happy,white
28695,happy,white
28704,sad,white
28763,fear,white
28764,sad,white
28765,neutral,white
28790,happy,black
28793,neutral,white
28905,angry,white
28930,neutral,latino hispanic
28945,sad,white
28954,neutral,middle eastern
28970,neutral,middle eastern
28971,happy,white
28973,neutral,white
29013,happy,middle eastern
29051,happy,white
29083,fear,white
29130,angry,white
29140,sad,white
29150,neutral,white
29158,fear,asian
29164,angry,white
29174,neutral,white
29308,neutral,asian
29380,sad,white
29437,sad,white
29438,fear,white
29463,angry,white
29476,angry,white
29581,happy,middle eastern
29635,sad,white
29706,angry,white
29708,angry,white
29710,sad,white
29786,fear,white
29813,angry,white
29816,neutral,latino hispanic
29841,neutral,white
29843,neutral,black
29851,angry,white
29863,fear,white
29873,fear,white
30142,neutral,black
30162,angry,white
30165,neutral,white
30174,neutral,white
30175,happy,white
30182,angry,white
30248,happy,asian
30251,neutral,white
30257,happy,white
30286,angry,white
30289,angry,white
30462,fear,white
30481,happy,black
30486,sad,white
30518,sad,white
30527,neutral,latino hispanic
30546,happy,white
30549,sad,asian
30561,sad,middle eastern
30567,happy,white
30569,happy,white
30582,fear,white
30598,happy,latino hispanic
30615,happy,white
30642,happy,white
30648,sad,asian
30682,happy,middle eastern
30697,sad,asian
30721,neutral,middle eastern
30742,happy,white
30761,sad,middle eastern
30785,happy,asian
30847,neutral,white
30871,sad,white
30914,sad,white
30982,sad,white
31024,neutral,white
31029,neutral,white
31048,sad,white
31068,fear,white
31095,neutral,white
31096,happy,latino hispanic
31097,sad,white
31204,neutral,white
31205,fear,white
31268,sad,middle eastern
31280,happy,latino hispanic
31287,sad,white
31294,neutral,black
31295,neutral,white
31408,happy,middle eastern
31409,neutral,asian
31450,sad,white
31472,happy,latino hispanic
31485,happy,latino hispanic
31497,happy,latino hispanic
31568,happy,asian
31569,sad,white
31609,happy,black
31649,surprise,white
31687,sad,latino hispanic
31706,angry,white
31708,angry,white
31720,happy,asian
31729,sad,white
31748,sad,white
31758,fear,white
31765,happy,white
31769,fear,black
31794,sad,white
31805,neutral,white
31847,neutral,middle eastern
31849,fear,asian
31852,happy,white
31876,neutral,latino hispanic
31896,happy,black
31897,angry,white
31902,happy,white
31907,sad,white
31948,fear,white
31985,angry,asian
32051,neutral,white
32069,happy,white
32089,happy,middle eastern
32106,happy,black
32140,fear,white
32147,sad,white
32150,neutral,black
32174,happy,asian
32189,sad,white
32409,sad,asian
32459,neutral,white
32490,angry,asian
32568,neutral,black
32570,sad,white
32576,happy,white
32587,happy,white
32591,sad,middle eastern
32605,happy,white
32608,surprise,white
32617,fear,latino hispanic
32640,happy,white
32649,angry,black
32650,neutral,white
32670,fear,white
32704,happy,white
32706,happy,white
32716,sad,white
32746,neutral,asian
32750,sad,latino hispanic
32765,neutral,white
32794,happy,latino hispanic
32798,happy,white
32806,happy,white
32849,neutral,latino hispanic
32854,sad,white
32875,happy,black
32906,fear,white
32941,happy,black
32947,sad,indian
32956,neutral,white
32960,angry,asian
32974,sad,latino hispanic
32980,neutral,black
34015,neutral,white
34018,neutral,middle eastern
34021,neutral,black
34028,happy,white
34051,happy,white
34056,neutral,white
34067,sad,white
34068,happy,white
34076,happy,asian
34081,neutral,black
34127,happy,middle eastern
34152,happy,white
34170,angry,black
34178,happy,asian
34207,sad,white
34209,happy,white
34217,neutral,asian
34250,happy,white
34297,angry,white
34506,angry,white
34508,neutral,white
34518,happy,middle eastern
34520,neutral,white
34521,angry,white
34582,sad,middle eastern
34596,sad,middle eastern
34602,happy,asian
34620,fear,middle eastern
34628,neutral,white
34629,neutral,black
34652,happy,middle eastern
34675,fear,white
34695,neutral,white
34710,neutral,latino hispanic
34715,happy,white
34765,sad,white
34768,happy,middle eastern
34780,sad,latino hispanic
34785,sad,middle eastern
34791,fear,white
34795,happy,black
34805,happy,latino hispanic
34815,sad,white
34816,happy,middle eastern
34821,happy,middle eastern
34862,neutral,white
34872,neutral,black
34875,surprise,white
34876,angry,asian
34897,happy,asian
34927,sad,middle eastern
34975,neutral,white
34985,angry,asian
35048,neutral,white
35062,neutral,black
35064,neutral,black
35068,neutral,middle eastern
35074,neutral,latino hispanic
35084,happy,latino hispanic
35096,disgust,white
35097,happy,middle eastern
35102,surprise,white
35107,neutral,white
35146,happy,asian
35160,sad,white
35186,happy,black
35210,sad,white
35219,sad,black
35271,surprise,black
35412,fear,middle eastern
35417,angry,white
35419,happy,white
35460,neutral,white
35472,neutral,white
35482,surprise,asian
35601,sad,latino hispanic
35602,neutral,white
35604,neutral,white
35608,happy,middle eastern
35614,happy,indian
35618,neutral,latino hispanic
35628,disgust,white
35640,sad,white
35642,happy,asian
35671,happy,middle eastern
35674,happy,middle eastern
35684,angry,middle eastern
35689,angry,white
35701,happy,white
35729,neutral,white
35740,neutral,white
35764,happy,white
35781,happy,asian
35789,angry,white
35794,sad,white
35796,angry,middle eastern
35802,happy,white
35814,happy,white
35860,happy,white
35861,neutral,white
35869,sad,asian
35870,angry,black
35894,neutral,white
35910,sad,latino hispanic
35912,fear,middle eastern
35917,neutral,indian
35948,happy,white
35964,neutral,white
35971,sad,middle eastern
36021,happy,asian
36028,happy,white
36048,surprise,white
36054,angry,black
36092,fear,white
36095,happy,black
36097,neutral,latino hispanic
36102,sad,white
36107,happy,white
36152,happy,white
36178,happy,white
36179,happy,white
36189,happy,white
36190,sad,white
36204,neutral,white
36210,neutral,black
36240,neutral,latino hispanic
36248,sad,white
36281,fear,latino hispanic
36401,neutral,black
36420,sad,white
36459,fear,asian
36498,sad,white
36521,neutral,white
36542,neutral,black
36729,neutral,asian
36741,sad,white
36749,neutral,asian
36751,happy,black
36804,happy,middle eastern
36814,neutral,black
36821,fear,white
36840,fear,middle eastern
36842,sad,middle eastern
36875,sad,middle eastern
36892,surprise,white
36895,happy,white
36897,happy,white
36915,angry,indian
36920,fear,white
36924,sad,white
36947,happy,asian
36954,happy,white
36972,fear,black
36980,happy,white
36981,neutral,latino hispanic
37024,neutral,asian
37054,happy,white
37084,neutral,white
37096,angry,black
37128,neutral,white
37140,fear,white
37145,angry,black
37160,sad,white
37185,happy,middle eastern
37208,sad,black
37214,fear,black
37251,angry,white
37295,happy,black
37405,angry,white
37419,happy,black
37502,neutral,middle eastern
37504,happy,white
37548,fear,white
37569,angry,white
37580,happy,asian
37642,happy,asian
37649,neutral,indian
37825,neutral,black
37860,fear,white
37865,neutral,white
37902,fear,white
37915,neutral,white
37924,neutral,black
37948,sad,black
37984,neutral,white
38041,happy,middle eastern
38047,fear,latino hispanic
38069,angry,black
38071,sad,white
38072,sad,white
38105,neutral,latino hispanic
38109,sad,white
38129,fear,white
38147,angry,white
38157,happy,white
38164,happy,asian
38179,angry,black
38201,sad,white
38210,sad,white
38217,angry,middle eastern
38251,neutral,latino hispanic
38409,fear,white
38410,sad,asian
38417,happy,white
38427,angry,middle eastern
38465,happy,black
38475,neutral,white
38490,sad,white
38514,fear,middle eastern
38516,happy,white
38529,happy,white
38546,happy,white
38547,happy,middle eastern
38574,sad,white
38629,angry,white
38742,neutral,black
38752,angry,white
38754,happy,asian
38761,sad,latino hispanic
38764,happy,black
38765,sad,black
38927,sad,white
38954,happy,white
38956,happy,white
38961,fear,white
39041,neutral,white
39051,neutral,middle eastern
39058,neutral,white
39061,happy,black
39158,fear,middle eastern
39164,happy,white
39170,happy,middle eastern
39201,fear,middle eastern
39206,happy,black
39280,neutral,white
39281,sad,asian
39285,neutral,white
39401,happy,latino hispanic
39427,fear,white
39465,neutral,black
39470,happy,white
39472,angry,white
39504,happy,white
39528,neutral,white
39540,angry,white
39541,happy,asian
39564,happy,black
39576,happy,white
39624,happy,white
39640,sad,black
39652,angry,white
39741,neutral,black
39765,sad,white
39821,neutral,white
39842,happy,white
39852,sad,white
39860,surprise,white
39867,sad,latino hispanic
40125,happy,white
40182,neutral,asian
40216,happy,white
40217,neutral,latino hispanic
40239,fear,white
40265,neutral,middle eastern
40268,angry,white
40269,angry,white
40297,happy,black
40315,neutral,latino hispanic
40329,happy,middle eastern
40516,happy,middle eastern
40529,happy,asian
40567,happy,white
40573,neutral,white
40578,sad,white
40618,happy,middle eastern
40653,disgust,middle eastern
40716,happy,white
40718,sad,middle eastern
40726,neutral,white
40728,happy,white
40756,happy,white
40758,happy,asian
40792,neutral,white
40815,sad,white
40826,neutral,white
40829,sad,white
40832,neutral,white
40852,fear,white
40865,happy,white
40897,fear,white
40913,happy,middle eastern
40916,surprise,white
40917,angry,white
40927,neutral,white
40987,happy,black
41032,angry,middle eastern
41035,neutral,latino hispanic
41087,fear,white
41092,happy,white
41203,surprise,black
41250,neutral,white
41268,angry,latino hispanic
41270,neutral,black
41325,neutral,asian
41368,fear,white
41370,happy,asian
41372,fear,white
41389,neutral,latino hispanic
41506,sad,asian
41527,fear,indian
41562,neutral,asian
41568,happy,white
41573,neutral,white
41605,angry,white
41607,neutral,asian
41637,angry,white
41672,neutral,white
41678,sad,white
41697,angry,white
41796,sad,white
41802,angry,middle eastern
41803,fear,black
41806,happy,asian
41823,sad,white
41830,surprise,middle eastern
41832,neutral,white
41857,angry,white
41873,neutral,asian
41896,happy,white
41907,angry,white
41908,happy,white
41923,happy,middle eastern
41972,fear,white
42015,neutral,white
42019,neutral,white
42039,neutral,asian
42056,happy,black
42083,surprise,white
42156,fear,white
42160,fear,black
42163,happy,white
42167,neutral,white
42168,sad,asian
42178,sad,black
42187,sad,white
42309,fear,white
42315,happy,white
42319,happy,white
42376,fear,white
42379,neutral,white
42391,neutral,white
42398,happy,white
42509,neutral,black
42568,angry,white
42580,neutral,middle eastern
42601,happy,white
42635,sad,black
42638,happy,asian
42650,happy,white
42673,sad,white
42681,neutral,white
42690,sad,white
42715,surprise,white
42736,sad,middle eastern
42739,fear,white
42801,happy,middle eastern
42810,angry,white
42861,happy,white
42865,happy,asian
42896,happy,asian
42897,angry,middle eastern
42936,sad,latino hispanic
42970,angry,white
43025,angry,middle eastern
43026,neutral,white
43051,sad,white
43065,angry,white
43078,neutral,white
43089,neutral,white
43095,fear,asian
43127,happy,latino hispanic
43152,fear,white
43170,fear,white
43185,fear,asian
43198,happy,black
43218,sad,white
43279,happy,white
43506,happy,white
43520,happy,white
43521,angry,white
43529,fear,white
43571,happy,white
43579,fear,latino hispanic
43608,neutral,latino hispanic
43610,neutral,white
43650,happy,asian
43657,happy,black
43690,sad,middle eastern
43691,neutral,white
43695,happy,white
43697,fear,white
43716,neutral,white
43721,happy,asian
43725,happy,asian
43759,happy,white
43791,happy,asian
43798,fear,white
43810,happy,white
43816,sad,white
43817,angry,middle eastern
43852,happy,white
43859,happy,white
43906,sad,asian
43907,fear,white
43920,surprise,white
43928,happy,white
43956,angry,indian
43958,neutral,middle eastern
43961,sad,black
43971,angry,white
45036,happy,white
45069,happy,black
45093,sad,black
45103,sad,middle eastern
45128,sad,middle eastern
45172,sad,indian
45176,happy,black
45198,neutral,white
45201,happy,black
45209,happy,white
45213,angry,black
45231,angry,black
45269,happy,asian
45281,happy,white
45283,fear,latino hispanic
45301,surprise,white
45307,neutral,white
45608,happy,white
45610,fear,white
45691,neutral,white
45698,neutral,white
45702,neutral,white
45723,neutral,black
45739,sad,latino hispanic
45780,sad,white
45806,happy,latino hispanic
45831,sad,middle eastern
45832,surprise,white
45836,neutral,black
45837,happy,white
45891,happy,white
45923,neutral,white
45927,happy,latino hispanic
45930,happy,asian
45931,happy,white
45938,angry,middle eastern
45960,fear,white
46051,happy,white
46058,angry,white
46075,sad,white
46082,sad,black
46095,sad,white
46097,sad,white
46130,sad,asian
46172,happy,middle eastern
46179,disgust,white
46193,neutral,middle eastern
46197,angry,white
46198,sad,white
46205,happy,middle eastern
46213,neutral,white
46215,happy,latino hispanic
46217,sad,black
46231,sad,middle eastern
46237,happy,white
46251,neutral,white
46270,sad,middle eastern
46283,sad,latino hispanic
46295,sad,white
46310,happy,latino hispanic
46312,sad,middle eastern
46352,angry,white
46375,angry,black
46380,happy,white
46507,happy,white
46509,fear,white
46520,happy,asian
46527,disgust,white
46538,happy,white
46578,happy,white
46582,surprise,white
46701,neutral,black
46710,happy,asian
46735,happy,middle eastern
46739,happy,white
46753,neutral,white
46783,happy,white
46810,neutral,white
46812,happy,latino hispanic
46817,neutral,asian
46823,fear,white
46827,sad,middle eastern
46830,fear,white
46837,fear,asian
46857,fear,white
46870,fear,white
46872,sad,latino hispanic
46902,happy,white
46907,happy,middle eastern
46920,happy,indian
46921,sad,white
46928,fear,white
46938,happy,white
46980,neutral,white
47015,sad,white
47051,happy,white
47053,angry,white
47123,neutral,black
47128,angry,white
47159,neutral,white
47162,happy,indian
47183,happy,indian
47203,neutral,latino hispanic
47205,happy,white
47208,happy,white
47209,happy,white
47239,neutral,asian
47250,angry,white
47251,happy,asian
47263,neutral,white
47290,neutral,white
47308,fear,indian
47309,fear,asian
47320,angry,white
47358,happy,asian
47368,neutral,white
47369,happy,latino hispanic
47390,happy,latino hispanic
47391,happy,white
47516,sad,white
47521,happy,latino hispanic
47528,neutral,indian
47530,happy,white
47561,angry,asian
47592,sad,asian
47605,sad,white
47608,sad,white
47609,happy,white
47680,fear,black
47692,neutral,white
47693,neutral,latino hispanic
47698,neutral,white
47801,angry,white
47819,happy,white
47826,fear,white
47901,neutral,latino hispanic
47913,sad,white
47931,neutral,black
47981,neutral,asian
47982,happy,white
48012,fear,white
48021,sad,asian
48051,neutral,indian
48059,neutral,white
48091,neutral,middle eastern
48103,neutral,white
48125,surprise,white
48136,happy,middle eastern
48162,happy,white
48173,happy,middle eastern
48213,happy,asian
48250,sad,white
48257,angry,white
48269,fear,white
48276,sad,white
48309,neutral,middle eastern
48315,happy,white
48316,happy,asian
48370,happy,latino hispanic
48379,angry,middle eastern
48391,angry,white
48517,happy,latino hispanic
48520,neutral,white
48523,neutral,white
48539,happy,white
48567,sad,middle eastern
48570,fear,middle eastern
48617,neutral,latino hispanic
48625,neutral,white
48630,fear,white
48635,surprise,asian
48651,happy,white
48703,neutral,asian
48715,angry,white
48756,happy,white
48792,angry,white
48917,sad,asian
48926,sad,white
48932,angry,white
48936,sad,white
48956,neutral,white
49017,surprise,asian
49063,happy,asian
49067,happy,indian
49126,neutral,white
49128,happy,black
49150,sad,white
49152,fear,white
49176,happy,white
49185,sad,white
49201,happy,black
49280,neutral,white
49351,happy,latino hispanic
49360,neutral,white
49372,happy,middle eastern
49536,happy,asian
49607,happy,white
49615,happy,latino hispanic
49618,fear,white
49652,happy,middle eastern
49671,happy,latino hispanic
49673,happy,white
49675,neutral,black
49701,happy,white
49703,neutral,white
49728,happy,white
49752,happy,white
49758,sad,asian
49802,fear,white
49806,sad,white
49826,happy,white
49831,angry,white
49836,happy,latino hispanic
49856,fear,white
49863,angry,white
49867,fear,black
49870,happy,white
50124,neutral,white
50126,neutral,latino hispanic
50137,happy,middle eastern
50146,neutral,latino hispanic
50176,sad,white
50198,happy,white
50237,fear,white
50239,neutral,black
50246,fear,latino hispanic
50263,fear,white
50271,angry,white
50273,sad,white
50278,happy,white
50286,happy,white
50289,neutral,latino hispanic
50312,sad,middle eastern
50327,sad,white
50328,neutral,black
50346,fear,latino hispanic
50348,neutral,asian
50368,happy,white
50371,sad,white
50372,happy,middle eastern
50398,angry,middle eastern
50413,neutral,white
50461,happy,white
50462,neutral,white
50482,sad,white
50491,neutral,white
50492,sad,white
50624,happy,middle eastern
50683,sad,latino hispanic
50723,happy,black
50739,neutral,white
50743,fear,white
50764,neutral,black
50768,angry,white
50793,neutral,white
50813,neutral,white
50817,neutral,asian
50824,neutral,white
50834,angry,asian
50861,happy,latino hispanic
50867,happy,white
50871,sad,white
50873,sad,white
50876,happy,white
50927,sad,white
50931,angry,latino hispanic
50937,neutral,black
50962,happy,white
51023,fear,middle eastern
51029,happy,latino hispanic
51032,happy,white
51037,happy,middle eastern
51046,neutral,asian
51208,disgust,asian
51209,sad,black
51249,angry,black
51283,happy,middle eastern
51284,sad,white
51306,sad,white
51349,fear,white
51360,fear,white
51367,happy,white
51369,sad,white
51403,sad,white
51460,happy,middle eastern
51607,happy,middle eastern
51628,angry,white
51629,angry,middle eastern
51647,happy,latino hispanic
51693,angry,middle eastern
51694,surprise,white
51706,neutral,black
51708,fear,latino hispanic
51736,angry,white
51746,neutral,middle eastern
51802,happy,black
51804,happy,white
51807,fear,white
51809,happy,white
51836,happy,black
51870,neutral,asian
51894,fear,latino hispanic
51924,happy,asian
51943,sad,white
51948,angry,asian
51964,neutral,white
51973,happy,white
52031,happy,black
52037,happy,black
52068,happy,white
52079,happy,middle eastern
52091,neutral,white
52130,neutral,white
52140,angry,white
52183,fear,latino hispanic
52301,neutral,white
52304,happy,latino hispanic
52361,angry,black
52407,fear,white
52431,happy,black
52437,disgust,white
52469,fear,middle eastern
52476,sad,white
52483,sad,middle eastern
52496,angry,black
52613,happy,asian
52614,happy,asian
52617,neutral,white
52619,happy,latino hispanic
52640,happy,white
52641,fear,asian
52670,happy,asian
52687,fear,white
52698,sad,white
52706,sad,black
52714,angry,middle eastern
52746,neutral,latino hispanic
52780,sad,white
52783,happy,black
52790,happy,white
52796,sad,white
52837,fear,white
52839,sad,white
52867,happy,white
52914,sad,white
52938,angry,white
52974,happy,white
53062,happy,latino hispanic
53064,fear,white
53068,neutral,white
53084,fear,white
53096,happy,white
53102,sad,white
53140,neutral,latino hispanic
53147,sad,white
53172,happy,white
53182,angry,white
53206,neutral,white
53241,sad,middle eastern
53249,angry,white
53260,happy,black
53280,angry,white
53296,neutral,latino hispanic
53407,disgust,white
53427,fear,white
53467,happy,black
53469,neutral,white
53476,happy,white
53607,fear,indian
53682,happy,white
53714,happy,latino hispanic
53768,angry,white
53769,happy,asian
53814,angry,white
53821,happy,white
53827,happy,white
53849,sad,middle eastern
53876,angry,white
53908,angry,white
53914,happy,black
53968,fear,asian
53976,neutral,black
54016,neutral,white
54018,happy,white
54028,angry,black
54039,surprise,latino hispanic
54069,happy,asian
54083,fear,indian
54098,surprise,latino hispanic
54102,sad,asian
54170,fear,white
54196,sad,white
54201,angry,latino hispanic
54301,happy,black
54318,angry,white
54319,neutral,middle eastern
54376,sad,white
54601,fear,asian
54602,sad,middle eastern
54621,neutral,asian
54629,sad,white
54683,fear,black
54692,fear,white
54697,disgust,white
54710,happy,black
54728,neutral,white
54780,happy,white
54781,angry,white
54801,angry,white
54816,happy,white
54819,neutral,white
54820,sad,white
54831,neutral,black
54893,happy,white
54896,happy,white
54917,neutral,white
54927,neutral,white
54930,neutral,middle eastern
54936,happy,white
54962,neutral,white
54972,happy,white
54973,neutral,asian
54978,sad,middle eastern
56024,fear,white
56104,fear,white
56108,angry,black
56123,fear,white
56128,happy,latino hispanic
56130,happy,white
56134,happy,middle eastern
56143,neutral,white
56179,happy,white
56180,happy,white
56184,happy,asian
56207,happy,latino hispanic
56208,neutral,white
56210,happy,black
56231,happy,white
56240,fear,white
56241,happy,asian
56248,happy,white
56249,happy,black
56280,happy,white
56281,sad,white
56310,happy,latino hispanic
56327,neutral,indian
56340,happy,middle eastern
56374,sad,latino hispanic
56378,neutral,white
56389,neutral,white
56417,happy,latino hispanic
56418,happy,white
56419,sad,white
56428,sad,white
56432,neutral,black
56438,sad,asian
56490,sad,white
56497,happy,white
56721,neutral,middle eastern
56723,happy,asian
56738,sad,asian
56739,sad,white
56741,happy,white
56789,sad,white
56791,sad,white
56792,sad,asian
56812,happy,white
56821,happy,latino hispanic
56827,neutral,white
56834,fear,white
56837,happy,black
56870,surprise,white
56873,sad,asian
56891,neutral,white
56908,neutral,asian
56910,fear,black
56917,neutral,latino hispanic
56930,fear,white
56931,surprise,middle eastern
56938,happy,white
56972,angry,white
57013,happy,black
57029,sad,latino hispanic
57042,neutral,black
57043,happy,white
57064,happy,white
57103,neutral,white
57132,happy,white
57189,sad,white
57193,neutral,white
57203,neutral,white
57208,happy,white
57249,sad,middle eastern
57281,happy,middle eastern
57284,sad,white
57286,neutral,black
57319,happy,white
57346,fear,white
57349,happy,asian
57389,happy,black
57426,happy,white
57431,sad,white
57469,surprise,white
57490,happy,white
57496,happy,white
57681,neutral,black
57693,happy,white
57802,sad,white
57890,sad,middle eastern
57893,happy,black
57908,neutral,white
57913,sad,white
57914,happy,white
57918,sad,middle eastern
57923,angry,middle eastern
57982,happy,middle eastern
57984,happy,white
57986,happy,white
58016,sad,white
58023,neutral,black
58029,neutral,white
58061,sad,white
58069,happy,white
58071,neutral,black
58096,angry,white
58109,happy,asian
58124,happy,asian
58127,happy,white
58164,happy,asian
58176,sad,white
58194,neutral,white
58210,neutral,black
58247,neutral,white
58306,surprise,white
58309,sad,latino hispanic
58326,angry,white
58361,happy,black
58372,happy,black
58374,neutral,middle eastern
58419,angry,black
58462,neutral,white
58467,happy,white
58473,happy,black
58479,neutral,white
58497,sad,latino hispanic
58602,angry,white
58604,surprise,white
58637,neutral,latino hispanic
58642,fear,black
58674,happy,black
58732,happy,middle eastern
58743,happy,white
58793,fear,white
58901,sad,latino hispanic
58917,sad,latino hispanic
58924,happy,latino hispanic
58947,happy,middle eastern
58971,fear,white
59012,neutral,white
59026,happy,white
59028,happy,asian
59041,happy,white
59043,happy,black
59046,happy,white
59047,angry,white
59062,neutral,white
59072,happy,middle eastern
59073,angry,white
59124,neutral,latino hispanic
59128,happy,black
59130,happy,white
59140,neutral,latino hispanic
59142,happy,middle eastern
59143,happy,white
59163,neutral,asian
59167,neutral,white
59178,happy,middle eastern
59203,happy,latino hispanic
59217,neutral,white
59237,sad,white
59240,angry,latino hispanic
59261,happy,latino hispanic
59278,fear,white
59287,neutral,latino hispanic
59307,sad,white
59316,neutral,white
59321,disgust,asian
59328,sad,middle eastern
59340,sad,white
59342,neutral,indian
59364,neutral,black
59376,happy,black
59380,neutral,latino hispanic
59402,sad,white
59408,sad,white
59462,fear,white
59463,happy,white
59468,fear,white
59478,neutral,black
59487,happy,latino hispanic
59621,sad,black
59623,happy,asian
59627,happy,indian
59678,happy,asian
59682,neutral,white
59684,fear,white
59716,happy,middle eastern
59726,sad,middle eastern
59732,neutral,asian
59738,angry,latino hispanic
59817,neutral,white
59837,happy,black
59863,happy,middle eastern
59871,happy,white
60128,happy,white
60132,angry,white
60147,fear,asian
60185,happy,white
60193,angry,white
60197,neutral,black
60214,happy,asian
60234,happy,black
60235,fear,white
60249,happy,asian
60314,sad,asian
60345,happy,white
60379,happy,latino hispanic
60384,happy,middle eastern
60421,neutral,middle eastern
60439,happy,black
60451,neutral,middle eastern
60532,fear,white
60538,neutral,white
60539,angry,white
60541,neutral,middle eastern
60571,surprise,white
60598,sad,middle eastern
60729,sad,white
60759,fear,middle eastern
60789,neutral,latino hispanic
60794,sad,middle eastern
60895,happy,latino hispanic
60927,fear,white
60971,sad,white
60973,fear,white
60981,happy,white
61037,happy,latino hispanic
61058,neutral,white
61082,neutral,latino hispanic
61205,neutral,black
61208,happy,white
61234,fear,white
61257,surprise,white
61274,neutral,asian
61278,neutral,white
61280,fear,white
61298,happy,white
61304,happy,white
61342,neutral,white
61379,sad,white
61380,happy,middle eastern
61407,angry,middle eastern
61423,sad,white
61425,happy,white
61450,fear,black
61453,happy,black
61495,happy,white
61503,happy,asian
61527,neutral,white
61532,happy,white
61537,happy,latino hispanic
61578,happy,latino hispanic
61589,neutral,white
61732,fear,asian
61743,happy,white
61749,neutral,asian
61752,happy,latino hispanic
61753,fear,latino hispanic
61780,neutral,white
61793,fear,middle eastern
61798,sad,white
61802,fear,white
61820,happy,white
61834,neutral,asian
61840,neutral,white
61870,neutral,white
61873,neutral,black
61890,neutral,white
61892,sad,white
61894,happy,black
61928,happy,white
61948,happy,indian
61973,happy,middle eastern
62018,surprise,black
62019,neutral,white
62031,angry,white
62043,neutral,latino hispanic
62047,sad,white
62057,happy,white
62105,happy,white
62108,angry,white
62135,happy,white
62147,fear,white
62175,happy,white
62178,neutral,latino hispanic
62184,neutral,white
62198,sad,white
62305,neutral,latino hispanic
62307,sad,white
62314,sad,white
62351,happy,white
62375,neutral,white
62417,sad,white
62435,fear,black
62439,neutral,white
62458,happy,white
62471,neutral,white
62485,happy,middle eastern
62490,happy,middle eastern
62509,happy,white
62531,surprise,white
62541,sad,white
62573,neutral,white
62580,sad,black
62590,happy,white
62719,happy,latino hispanic
62731,sad,white
62739,neutral,white
62745,happy,white
62804,fear,white
62805,happy,white
62815,sad,asian
62843,fear,white
62851,happy,black
62854,neutral,asian
62904,happy,white
62913,neutral,white
62934,fear,white
62941,happy,white
62971,angry,white
62981,sad,white
63041,sad,white
63087,sad,asian
63092,happy,latino hispanic
63097,neutral,latino hispanic
63129,sad,white
63150,happy,latino hispanic
63159,happy,middle eastern
63185,neutral,white
63210,neutral,white
63280,neutral,asian
63281,sad,white
63285,happy,white
63295,happy,white
63415,angry,white
63417,fear,middle eastern
63451,sad,white
63472,neutral,latino hispanic
63491,fear,white
63502,happy,latino hispanic
63520,happy,black
63524,angry,indian
63547,neutral,white
63581,fear,latino hispanic
63587,fear,white
63589,neutral,black
63709,happy,black
63710,neutral,white
63712,neutral,latino hispanic
63714,fear,white
63718,happy,black
63719,happy,white
63720,neutral,black
63758,sad,latino hispanic
63814,angry,white
63871,sad,asian
63910,neutral,white
63915,sad,white
63920,happy,white
63921,happy,asian
63941,angry,latino hispanic
63954,sad,asian
64015,angry,white
64025,angry,white
64027,fear,white
64051,fear,white
64059,fear,white
64071,happy,white
64072,neutral,black
64087,neutral,white
64097,neutral,white
64125,angry,white
64127,happy,latino hispanic
64130,neutral,white
64137,happy,white
64193,neutral,white
64198,neutral,white
64215,happy,white
64301,sad,white
64312,fear,asian
64318,fear,asian
64329,happy,white
64513,happy,black
64523,angry,latino hispanic
64590,sad,white
64592,surprise,white
64701,angry,middle eastern
64705,neutral,white
64708,neutral,black
64723,sad,middle eastern
64730,sad,black
64735,neutral,white
64752,neutral,asian
64780,happy,black
64781,happy,middle eastern
64805,fear,middle eastern
64813,happy,black
64820,sad,middle eastern
64825,neutral,black
64853,sad,white
64910,neutral,middle eastern
64913,sad,white
64958,happy,white
64982,sad,white
65012,fear,white
65017,happy,white
65024,disgust,white
65093,angry,white
65094,neutral,black
65139,fear,middle eastern
65140,neutral,latino hispanic
65148,happy,black
65149,neutral,middle eastern
65178,fear,asian
65187,happy,white
65189,neutral,white
65203,neutral,white
65204,sad,white
65207,fear,white
65231,fear,white
65240,fear,black
65248,happy,white
65283,neutral,white
65301,neutral,white
65308,neutral,middle eastern
65349,fear,asian
65380,happy,middle eastern
65392,sad,white
65403,neutral,white
65407,neutral,latino hispanic
65413,happy,white
65708,neutral,indian
65728,happy,white
65732,neutral,white
65734,surprise,white
65739,sad,white
65743,neutral,asian
65814,happy,white
65824,happy,white
65871,happy,latino hispanic
65908,happy,white
65931,sad,white
67014,happy,white
67021,fear,black
67029,happy,middle eastern
67034,neutral,middle eastern
67051,neutral,white
67054,happy,white
67059,happy,latino hispanic
67082,happy,asian
67109,happy,white
67124,happy,white
67125,happy,white
67129,happy,latino hispanic
67132,happy,black
67142,neutral,asian
67159,sad,middle eastern
67183,neutral,latino hispanic
67208,sad,asian
67254,happy,black
67309,fear,asian
67328,happy,latino hispanic
67348,neutral,black
67352,happy,white
67384,fear,asian
67492,neutral,white
67498,angry,white
67504,happy,white
67531,fear,white
67543,neutral,white
67548,fear,white
67580,happy,white
67581,neutral,white
67593,surprise,asian
67801,neutral,latino hispanic
67802,neutral,asian
67810,neutral,white
67835,angry,asian
67842,surprise,white
67852,happy,white
67892,fear,white
67904,neutral,white
67935,fear,white
67938,angry,middle eastern
67951,neutral,white
67980,neutral,asian
67983,sad,white
68019,neutral,latino hispanic
68034,angry,asian
68039,neutral,white
68042,angry,white
68094,neutral,white
68127,angry,asian
68137,sad,latino hispanic
68172,neutral,black
68230,happy,white
68231,happy,middle eastern
68259,happy,black
68270,neutral,white
68307,angry,white
68327,sad,asian
68342,happy,white
68379,surprise,white
68390,disgust,indian
68401,neutral,asian
68407,sad,latino hispanic
68417,happy,latino hispanic
68429,angry,white
68431,sad,asian
68450,happy,white
68459,sad,asian
68472,happy,white
68503,sad,white
68507,happy,white
68527,happy,white
68531,angry,black
68540,fear,latino hispanic
68549,sad,black
68579,neutral,white
68594,happy,white
68597,happy,asian
68731,neutral,asian
68742,sad,white
68751,neutral,white
68753,happy,white
68913,angry,middle eastern
68921,surprise,white
68947,sad,white
68954,happy,middle eastern
68971,happy,white
69024,happy,asian
69027,happy,white
69042,fear,white
69052,happy,middle eastern
69057,neutral,white
69087,happy,black
69130,sad,white
69158,happy,white
69174,neutral,white
69178,sad,middle eastern
69250,neutral,latino hispanic
69253,neutral,black
69258,neutral,white
69307,happy,white
69312,angry,asian
69342,fear,white
69370,happy,latino hispanic
69402,neutral,white
69405,happy,white
69410,fear,white
69423,disgust,white
69427,happy,middle eastern
69472,fear,asian
69503,sad,white
69512,happy,white
69520,neutral,latino hispanic
69521,sad,white
69523,surprise,white
69530,sad,white
69542,neutral,middle eastern
69584,sad,white
69708,sad,black
69713,happy,white
69728,neutral,white
69807,neutral,white
69815,sad,middle eastern
69842,happy,middle eastern
69873,happy,middle eastern
70123,surprise,white
70126,neutral,white
70132,neutral,middle eastern
70143,happy,white
70153,angry,asian
70158,sad,latino hispanic
70162,happy,black
70189,happy,white
70193,angry,middle eastern
70194,neutral,white
70264,happy,white
70269,happy,middle eastern
70281,sad,asian
70284,neutral,black
70285,happy,white
70315,neutral,middle eastern
70319,sad,white
70324,neutral,middle eastern
70352,sad,black
70381,neutral,latino hispanic
70384,sad,white
70395,fear,white
70396,happy,middle eastern
70426,happy,black
70429,happy,latino hispanic
70435,happy,white
70452,angry,white
70459,sad,middle eastern
70465,surprise,white
70539,sad,white
70561,happy,white
70592,sad,white
70598,happy,white
70613,happy,white
70624,happy,black
70643,happy,latino hispanic
70649,fear,white
70652,angry,black
70658,neutral,white
70829,happy,white
70843,fear,white
70851,neutral,white
70865,angry,middle eastern
70925,neutral,white
70932,happy,middle eastern
70935,neutral,middle eastern
70936,happy,white
70941,happy,white
70953,sad,middle eastern
70981,happy,middle eastern
70984,happy,white
71028,neutral,white
71038,fear,white
71042,neutral,asian
71058,neutral,asian
71084,happy,latino hispanic
71086,sad,white
71095,neutral,asian
71206,neutral,black
71230,angry,white
71259,happy,white
71280,sad,white
71294,happy,black
71302,neutral,latino hispanic
71309,fear,white
71320,fear,middle eastern
71325,angry,white
71360,neutral,white
71368,happy,middle eastern
71396,neutral,middle eastern
71398,neutral,white
71403,happy,white
71450,happy,middle eastern
71452,angry,white
71453,fear,white
71480,fear,white
71485,sad,white
71486,fear,latino hispanic
71502,happy,white
71503,fear,white
71524,sad,white
71528,neutral,white
71529,happy,white
71530,sad,white
71532,sad,white
71593,neutral,middle eastern
71620,neutral,middle eastern
71628,neutral,asian
71630,fear,latino hispanic
71658,happy,middle eastern
71689,happy,asian
71692,sad,white
71825,happy,black
71826,happy,middle eastern
71832,neutral,white
71834,happy,white
71836,surprise,white
71839,angry,asian
71846,neutral,white
71902,neutral,white
71903,happy,black
71925,fear,black
71930,fear,white
71950,neutral,white
71986,sad,white
72018,fear,asian
72035,happy,black
72048,sad,black
72064,fear,asian
72093,happy,black
72164,happy,asian
72168,neutral,white
72195,neutral,white
72345,neutral,middle eastern
72354,happy,white
72361,happy,white
72380,sad,white
72386,neutral,white
72413,sad,white
72415,sad,latino hispanic
72418,happy,middle eastern
72430,sad,middle eastern
72431,sad,white
72451,sad,middle eastern
72456,angry,asian
72459,fear,latino hispanic
72461,neutral,middle eastern
72489,happy,white
72490,neutral,black
72506,neutral,white
72510,sad,white
72536,angry,latino hispanic
72561,neutral,white
72584,surprise,white
72640,sad,white
72680,neutral,white
72689,fear,black
72839,happy,white
72864,fear,white
72891,angry,white
72893,neutral,latino hispanic
72901,sad,black
72903,angry,middle eastern
72936,neutral,black
72946,neutral,white
72958,fear,white
72964,fear,white
73069,sad,indian
73105,happy,indian
73154,happy,latino hispanic
73198,neutral,white
73205,happy,white
73248,neutral,black
73251,neutral,white
73258,neutral,asian
73406,angry,asian
73421,happy,middle eastern
73482,angry,white
73485,neutral,white
73498,angry,asian
73508,sad,asian
73514,fear,middle eastern
73518,angry,asian
73549,sad,asian
73561,happy,indian
73615,fear,asian
73620,angry,middle eastern
73652,sad,white
73681,neutral,latino hispanic
73806,neutral,white
73816,neutral,black
73841,happy,white
73842,sad,white
73849,neutral,latino hispanic
73910,sad,white
73914,happy,black
73924,happy,white
73962,neutral,white
73982,fear,asian
73984,neutral,white
73986,happy,white
74013,happy,white
74025,sad,white
74038,happy,white
74053,neutral,white
74061,happy,white
74062,happy,asian
74096,happy,white
74152,angry,latino hispanic
74183,neutral,middle eastern
74192,happy,black
74203,sad,white
74218,neutral,white
74230,neutral,white
74238,happy,indian
74250,happy,white
74259,sad,latino hispanic
74261,sad,asian
74265,happy,asian
74302,neutral,white
74310,surprise,white
74326,happy,middle eastern
74356,happy,middle eastern
74362,neutral,white
74380,happy,middle eastern
74385,sad,white
74509,surprise,asian
74530,happy,white
74562,angry,latino hispanic
74563,happy,white
74583,fear,middle eastern
74598,sad,white
74612,fear,white
74625,neutral,asian
74630,angry,middle eastern
74650,neutral,white
74658,surprise,white
74801,fear,middle eastern
74802,happy,black
74832,sad,white
74839,neutral,middle eastern
74861,sad,white
74906,happy,white
74930,fear,white
74953,angry,asian
74963,fear,white
75023,neutral,white
75026,happy,asian
75039,fear,indian
75046,neutral,black
75063,neutral,black
75068,angry,white
75081,neutral,white
75096,happy,white
75102,happy,black
75104,neutral,white
75123,disgust,black
75134,surprise,white
75136,neutral,white
75139,fear,white
75163,happy,black
75193,neutral,indian
75198,surprise,black
75203,happy,middle eastern
75204,happy,latino hispanic
75210,neutral,white
75241,happy,white
75269,sad,latino hispanic
75280,happy,black
75294,sad,white
75308,neutral,latino hispanic
75319,neutral,black
75349,sad,white
75381,happy,white
75403,happy,white
75420,neutral,white
75428,neutral,black
75430,neutral,white
75462,angry,white
75468,sad,white
75618,fear,white
75629,sad,white
75642,angry,white
75649,sad,white
75693,happy,white
75816,angry,white
75821,happy,middle eastern
75823,happy,white
75839,happy,white
75840,neutral,indian
75846,sad,middle eastern
75908,angry,white
75910,happy,asian
75920,happy,white
75928,happy,middle eastern
75931,fear,latino hispanic
75940,sad,white
75941,sad,white
75943,sad,white
75984,sad,latino hispanic
76015,fear,white
76021,neutral,asian
76035,neutral,white
76038,neutral,white
76045,neutral,black
76139,surprise,asian
76140,angry,latino hispanic
76145,fear,latino hispanic
76152,happy,latino hispanic
76219,neutral,white
76239,fear,middle eastern
76250,neutral,white
76254,sad,black
76283,neutral,white
76305,happy,black
76351,neutral,white
76354,neutral,white
76359,neutral,asian
76402,happy,white
76450,neutral,asian
76483,happy,black
76489,neutral,white
76495,surprise,black
76498,happy,white
76510,happy,white
76528,neutral,white
76539,fear,middle eastern
76542,happy,white
76583,sad,white
76843,fear,white
76890,fear,white
76892,fear,white
76910,happy,black
76913,neutral,black
76923,fear,white
76924,happy,white
76951,neutral,asian
76980,sad,latino hispanic
78015,happy,latino hispanic
78031,fear,asian
78039,angry,white
78092,fear,white
78095,neutral,white
78096,neutral,black
78104,happy,white
78125,sad,white
78134,happy,black
78156,sad,asian
78163,angry,indian
78190,fear,white
78192,happy,white
78205,fear,white
78236,neutral,white
78239,happy,white
78243,fear,indian
78293,happy,asian
78306,happy,white
78314,angry,white
78351,happy,middle eastern
78394,fear,white
78402,surprise,white
78405,surprise,asian
78409,neutral,white
78462,neutral,black
78492,happy,white
78493,angry,white
78520,happy,white
78532,happy,black
78539,happy,middle eastern
78560,sad,white
78610,happy,asian
78612,happy,latino hispanic
78619,surprise,white
78650,sad,white
78693,neutral,white
78903,happy,white
78915,neutral,white
78923,neutral,white
78924,neutral,black
78930,happy,latino hispanic
78931,happy,middle eastern
78936,neutral,black
79036,sad,black
79045,sad,middle eastern
79084,neutral,middle eastern
79085,sad,white
79104,neutral,asian
79134,happy,latino hispanic
79146,neutral,latino hispanic
79162,neutral,white
79185,happy,latino hispanic
79250,happy,white
79285,sad,latino hispanic
79286,fear,white
79328,happy,white
79346,sad,latino hispanic
79351,sad,white
79352,neutral,white
79385,sad,latino hispanic
79405,neutral,indian
79406,happy,middle eastern
79425,neutral,white
79428,surprise,white
79452,sad,white
79461,happy,black
79465,happy,white
79568,neutral,latino hispanic
79584,happy,black
79605,sad,black
79610,sad,white
79638,neutral,latino hispanic
79652,fear,white
79680,sad,black
79681,neutral,black
79682,happy,latino hispanic
79824,happy,white
79825,sad,middle eastern
79832,neutral,latino hispanic
79845,happy,black
79846,neutral,white
79850,neutral,white
79853,fear,asian
79854,happy,white
79856,sad,asian
79865,fear,white
80152,happy,white
80153,angry,white
80154,happy,latino hispanic
80162,surprise,asian
80195,happy,white
80197,happy,black
80214,fear,asian
80217,neutral,white
80231,fear,white
80237,happy,middle eastern
80239,happy,middle eastern
80246,neutral,black
80256,fear,white
80269,sad,white
80276,happy,middle eastern
80297,neutral,white
80317,neutral,black
80347,fear,middle eastern
80361,happy,white
80395,happy,white
80425,sad,white
80426,sad,black
80436,sad,middle eastern
80451,neutral,middle eastern
80453,neutral,asian
80532,happy,asian
80534,sad,white
80567,sad,white
80576,fear,white
80614,happy,asian
80615,fear,black
80625,neutral,white
80629,happy,white
80714,sad,white
80734,happy,asian
80742,happy,black
80765,neutral,white
80912,neutral,asian
80916,angry,white
80926,angry,middle eastern
80932,sad,black
80941,sad,latino hispanic
80942,neutral,white
80943,fear,latino hispanic
80954,fear,white
80965,angry,white
80971,happy,black
80976,sad,asian
81026,fear,latino hispanic
81027,surprise,white
81035,angry,white
81047,neutral,latino hispanic
81059,sad,middle eastern
81093,happy,white
81095,neutral,black
81097,neutral,latino hispanic
81249,happy,latino hispanic
81254,happy,white
81257,happy,white
81259,fear,black
81263,sad,white
81294,neutral,white
81304,surprise,white
81305,neutral,white
81309,fear,black
81370,angry,white
81423,happy,latino hispanic
81457,angry,middle eastern
81523,sad,white
81540,happy,black
81624,fear,latino hispanic
81625,angry,white
81675,neutral,latino hispanic
81720,neutral,asian
81760,fear,white
81764,neutral,latino hispanic
81902,neutral,white
81934,fear,white
81943,sad,white
81946,angry,white
81962,fear,asian
81963,neutral,white
81964,neutral,black
81972,fear,white
81975,sad,latino hispanic
82014,angry,asian
82079,happy,latino hispanic
82094,happy,white
82097,neutral,white
82139,neutral,white
82150,sad,middle eastern
82169,happy,middle eastern
82190,happy,white
82195,fear,white
82316,happy,white
82346,happy,asian
82359,neutral,white
82367,happy,middle eastern
82379,happy,white
82406,fear,asian
82413,happy,white
82457,fear,black
82469,happy,white
82507,happy,asian
82547,neutral,black
82590,sad,white
82596,happy,white
82631,sad,latino hispanic
82637,angry,white
82647,angry,asian
82657,happy,white
82679,sad,black
82705,sad,middle eastern
82740,happy,white
82763,fear,asian
82914,happy,white
82945,happy,white
82947,angry,middle eastern
82950,neutral,white
83045,happy,asian
83052,sad,white
83059,happy,white
83074,neutral,white
83091,sad,latino hispanic
83095,sad,white
83127,happy,middle eastern
83145,happy,latino hispanic
83150,happy,black
83206,sad,white
83257,sad,white
83264,sad,white
83271,neutral,middle eastern
83290,happy,white
83402,neutral,white
83415,happy,white
83427,sad,white
83456,sad,white
83510,neutral,white
83560,happy,white
83570,neutral,latino hispanic
83607,angry,white
83670,fear,white
83704,neutral,latino hispanic
83760,happy,white
83794,happy,white
83901,fear,black
83921,neutral,indian
83946,fear,white
83964,neutral,white
83965,neutral,white
84057,happy,asian
84059,sad,white
84069,surprise,white
84091,happy,black
84102,sad,white
84125,happy,white
84150,sad,white
84152,neutral,white
84153,neutral,white
84172,neutral,black
84179,happy,white
84219,happy,white
84236,neutral,white
84237,sad,middle eastern
84269,neutral,asian
84273,angry,white
84291,happy,middle eastern
84297,neutral,white
84302,happy,latino hispanic
84316,happy,black
84321,sad,white
84329,fear,white
84360,sad,white
84370,fear,latino hispanic
84379,angry,white
84392,happy,white
84510,happy,white
84516,surprise,white
84521,neutral,asian
84531,angry,black
84563,angry,middle eastern
84629,fear,white
84639,happy,black
84652,happy,latino hispanic
84653,happy,white
84719,happy,white
84759,sad,white
84790,happy,white
84901,angry,white
84927,neutral,middle eastern
85012,neutral,latino hispanic
85023,neutral,asian
85034,sad,white
85042,fear,black
85062,neutral,white
85072,angry,white
85092,angry,white
85094,fear,white
85097,angry,white
85107,happy,middle eastern
85126,happy,white
85132,sad,white
85139,neutral,white
85146,happy,white
85147,happy,black
85172,neutral,asian
85173,happy,middle eastern
85190,happy,latino hispanic
85192,happy,white
85209,sad,white
85213,sad,white
85269,fear,asian
85314,sad,white
85316,happy,latino hispanic
85317,happy,white
85371,neutral,white
85394,happy,white
85417,happy,white
85426,surprise,asian
85614,angry,white
85630,sad,white
85670,fear,white
85679,happy,white
85690,angry,white
85704,neutral,white
85710,happy,white
85714,neutral,black
85741,neutral,black
85743,surprise,white
85746,happy,latino hispanic
85764,neutral,black
85912,neutral,white
85927,fear,black
85930,happy,middle eastern
85960,angry,latino hispanic
85967,neutral,black
85970,angry,white
85976,neutral,latino hispanic
86013,neutral,asian
86021,sad,white
86023,happy,white
86054,neutral,white
86127,happy,white
86135,happy,black
86142,happy,asian
86143,neutral,white
86145,neutral,black
86173,fear,white
86175,angry,white
86194,neutral,white
86195,happy,latino hispanic
86217,fear,white
86231,neutral,white
86249,fear,indian
86251,happy,white
86307,angry,middle eastern
86351,fear,black
86372,fear,white
86394,happy,white
86417,angry,white
86425,sad,middle eastern
86431,happy,asian
86437,sad,white
86451,neutral,white
86452,happy,white
86453,neutral,white
86457,neutral,white
86479,happy,latino hispanic
86543,happy,white
86713,fear,black
86751,neutral,asian
86914,sad,white
86917,happy,white
86934,neutral,black
86954,neutral,white
86970,sad,white
86974,sad,latino hispanic
87013,happy,latino hispanic
87024,neutral,white
87031,happy,white
87065,neutral,white
87094,happy,latino hispanic
87096,happy,white
87120,sad,asian
87130,happy,white
87146,fear,white
87160,happy,middle eastern
87203,angry,asian
87239,fear,white
87241,neutral,asian
87251,happy,black
87260,sad,white
87309,angry,white
87324,happy,white
87351,neutral,asian
87352,angry,white
87390,sad,white
87391,happy,white
87392,angry,white
87406,surprise,asian
87412,neutral,asian
87413,fear,white
87420,fear,white
87429,happy,white
87430,happy,middle eastern
87510,surprise,white
87519,fear,white
87521,happy,white
87532,fear,white
87543,neutral,black
87596,happy,asian
87604,neutral,white
87610,happy,middle eastern
87619,happy,black
87621,neutral,white
87691,neutral,middle eastern
87695,happy,latino hispanic
87925,sad,middle eastern
87934,sad,latino hispanic
87946,happy,middle eastern
89026,happy,white
89035,fear,white
89043,happy,middle eastern
89056,happy,asian
89061,happy,middle eastern
89071,neutral,white
89073,happy,white
89076,neutral,white
89102,happy,black
89105,happy,black
89107,happy,white
89136,sad,white
89152,neutral,white
89153,sad,white
89160,happy,white
89162,neutral,latino hispanic
89250,angry,white
89251,happy,white
89267,fear,asian
89302,sad,black
89306,angry,latino hispanic
89324,fear,black
89326,neutral,white
89342,happy,white
89372,happy,black
89407,happy,white
89430,happy,white
89432,happy,white
89437,sad,white
89465,surprise,white
89504,sad,black
89507,angry,latino hispanic
89512,happy,white
89517,neutral,asian
89532,happy,white
89536,sad,white
89574,neutral,latino hispanic
89602,sad,asian
89603,happy,middle eastern
89615,happy,white
89621,happy,asian
89634,sad,white
89642,happy,white
89675,sad,asian
89726,fear,latino hispanic
89762,angry,white
89764,neutral,middle eastern
90125,angry,white
90126,happy,white
90128,neutral,black
90146,happy,black
90162,happy,asian
90183,sad,asian
90236,neutral,black
90243,angry,white
90251,sad,black
90267,happy,white
90342,happy,black
90365,disgust,middle eastern
90427,happy,asian
90471,happy,latino hispanic
90531,neutral,white
90576,angry,asian
90582,sad,asian
90612,sad,latino hispanic
90618,happy,black
90632,neutral,white
90638,neutral,middle eastern
90654,surprise,black
90657,happy,white
90673,happy,white
90718,neutral,asian
90728,fear,white
90734,happy,white
90742,happy,white
90753,angry,white
90756,neutral,black
90761,sad,white
90817,happy,black
90826,sad,white
90834,happy,black
90847,fear,black
90856,neutral,white
91024,happy,asian
91027,fear,white
91037,fear,white
91042,angry,white
91065,sad,middle eastern
91075,fear,white
91082,sad,latino hispanic
91208,sad,latino hispanic
91240,angry,asian
91270,happy,middle eastern
91273,angry,indian
91276,happy,white
91283,sad,middle eastern
91308,happy,white
91340,neutral,black
91345,happy,middle eastern
91358,neutral,black
91372,happy,asian
91374,neutral,middle eastern
91375,neutral,latino hispanic
91402,happy,white
91405,neutral,black
91430,fear,white
91432,neutral,white
91468,neutral,white
91483,happy,black
91526,neutral,white
91536,neutral,white
91540,happy,white
91547,happy,white
91562,happy,middle eastern
91586,neutral,white
91647,happy,black
91654,fear,white
91675,disgust,indian
91683,happy,middle eastern
91708,neutral,black
91724,angry,white
91736,happy,black
91750,surprise,white
91753,fear,asian
91763,happy,white
91768,sad,white
91802,fear,asian
91803,sad,latino hispanic
91827,happy,black
91840,angry,indian
92013,happy,white
92014,neutral,asian
92015,neutral,white
92041,neutral,middle eastern
92051,happy,white
92075,angry,latino hispanic
92086,happy,asian
92143,neutral,white
92146,angry,indian
92148,happy,white
92160,neutral,white
92167,happy,white
92180,happy,middle eastern
92187,sad,white
92317,fear,white
92354,fear,white
92405,neutral,latino hispanic
92408,neutral,asian
92413,sad,asian
92417,neutral,white
92430,sad,white
92453,angry,white
92457,neutral,white
92478,happy,white
92501,neutral,indian
92513,fear,white
92546,neutral,latino hispanic
92547,sad,white
92571,angry,white
92573,fear,latino hispanic
92603,neutral,black
92610,angry,white
92613,happy,white
92670,neutral,white
92683,happy,latino hispanic
92710,sad,white
92743,fear,middle eastern
92750,neutral,middle eastern
92783,fear,white
92836,neutral,white
92845,happy,middle eastern
92854,surprise,black
92867,angry,asian
92870,happy,middle eastern
92876,happy,indian
93016,neutral,black
93024,neutral,asian
93027,happy,latino hispanic
93041,happy,white
93042,happy,white
93046,neutral,latino hispanic
93051,happy,white
93068,angry,white
93082,happy,white
93085,angry,white
93087,sad,white
93148,fear,latino hispanic
93152,neutral,asian
93172,fear,white
93208,sad,white
93246,neutral,black
93247,fear,white
93261,sad,middle eastern
93268,fear,black
93405,neutral,white
93416,angry,white
93468,sad,middle eastern
93528,happy,middle eastern
93568,neutral,white
93586,sad,latino hispanic
93605,happy,white
93618,neutral,white
93647,happy,white
93650,sad,white
93658,neutral,middle eastern
93671,fear,white
93685,angry,middle eastern
93718,neutral,white
93728,sad,white
93740,neutral,white
93741,neutral,asian
93750,surprise,white
93827,angry,white
93852,happy,black
93854,neutral,white
93867,angry,white
94013,fear,white
94015,neutral,white
94017,sad,white
94018,sad,white
94062,sad,white
94065,happy,black
94068,angry,middle eastern
94078,happy,white
94081,sad,middle eastern
94083,happy,white
94106,neutral,middle eastern
94107,neutral,black
94108,sad,middle eastern
94130,neutral,black
94138,happy,middle eastern
94156,fear,latino hispanic
94175,neutral,black
94178,happy,middle eastern
94205,neutral,white
94216,happy,asian
94251,neutral,white
94302,sad,white
94305,happy,middle eastern
94325,neutral,white
94357,angry,white
94358,fear,latino hispanic
94361,happy,asian
94370,sad,latino hispanic
94501,sad,white
94506,neutral,white
94507,fear,white
94512,sad,asian
94563,sad,white
94571,neutral,white
94586,happy,asian
94602,sad,asian
94620,surprise,latino hispanic
94625,sad,latino hispanic
94638,sad,latino hispanic
94723,sad,white
94732,happy,white
94780,happy,white
94815,fear,white
94850,happy,middle eastern
94870,neutral,middle eastern
94871,happy,middle eastern
94876,neutral,white
95038,sad,latino hispanic
95048,angry,black
95064,neutral,white
95072,sad,white
95078,happy,white
95081,neutral,asian
95102,happy,white
95103,happy,asian
95130,sad,black
95247,happy,latino hispanic
95260,happy,asian
95264,happy,white
95283,angry,asian
95317,happy,asian
95380,neutral,white
95401,happy,middle eastern
95402,neutral,black
95403,angry,latino hispanic
95426,fear,asian
95467,happy,latino hispanic
95482,happy,white
95604,angry,white
95680,happy,black
95687,neutral,middle eastern
95726,sad,white
95763,surprise,middle eastern
95803,neutral,middle eastern
95810,angry,white
95812,sad,middle eastern
95821,sad,white
95830,neutral,white
95843,sad,asian
95872,fear,latino hispanic
95874,happy,white
96015,happy,white
96034,happy,white
96042,fear,white
96054,happy,black
96071,neutral,white
96078,happy,middle eastern
96104,fear,white
96150,sad,middle eastern
96185,disgust,asian
96238,angry,white
96270,happy,black
96301,fear,white
96325,sad,asian
96342,neutral,white
96380,fear,asian
96381,angry,white
96415,neutral,middle eastern
96431,fear,white
96452,angry,white
96471,happy,middle eastern
96472,neutral,white
96508,neutral,white
96541,neutral,white
96701,neutral,black
96708,neutral,white
96720,sad,middle eastern
96820,fear,white
96857,sad,latino hispanic
96874,sad,white
97015,angry,black
97021,sad,latino hispanic
97023,neutral,white
97068,sad,white
97108,fear,latino hispanic
97128,sad,white
97132,neutral,white
97153,neutral,latino hispanic
97160,angry,black
97162,happy,middle eastern
97184,happy,asian
97201,neutral,white
97208,neutral,black
97210,fear,white
97230,sad,white
97245,happy,white
97250,neutral,white
97258,surprise,white
97261,neutral,white
97305,happy,middle eastern
97345,neutral,latino hispanic
97348,neutral,white
97361,happy,asian
97365,surprise,white
97436,sad,middle eastern
97456,angry,white
97463,neutral,middle eastern
97465,happy,white
97501,sad,asian
97502,fear,white
97508,fear,white
97514,sad,white
97520,sad,latino hispanic
97521,fear,white
97531,neutral,black
97542,happy,middle eastern
97543,sad,white
97562,happy,asian
97568,happy,white
97583,angry,middle eastern
97604,sad,latino hispanic
97610,happy,middle eastern
97623,sad,white
97625,neutral,white
97628,fear,black
97635,happy,white
97685,sad,middle eastern
97805,happy,middle eastern
97815,sad,white
97821,sad,white
97823,happy,white
97831,happy,white
98035,happy,latino hispanic
98047,surprise,middle eastern
98072,angry,white
98124,happy,white
98125,disgust,white
98145,angry,white
98170,happy,black
98215,surprise,white
98243,happy,asian
98246,angry,white
98256,sad,middle eastern
98276,neutral,white
98305,neutral,white
98314,happy,white
98316,sad,asian
98340,sad,white
98345,happy,white
98357,happy,white
98362,sad,white
98416,sad,white
98425,happy,white
98457,happy,white
98463,fear,white
98473,sad,black
98504,neutral,asian
98506,happy,white
98517,happy,middle eastern
98526,fear,white
98531,sad,white
98543,happy,white
98547,sad,white
98571,neutral,asian
98574,happy,white
98603,neutral,middle eastern
98625,angry,white
98627,neutral,white
98643,neutral,black
98653,happy,white
98654,happy,white
98657,neutral,black
98702,fear,white
98723,fear,asian
98724,angry,white
98731,neutral,black
98751,neutral,latino hispanic
98752,fear,white
98754,fear,white
98756,sad,asian
98762,neutral,asian
