id,gender,age,age_group
37825,man,24,18-24 years
84059,man,22,18-24 years
91753,man,32,25-34 years
68472,man,25,25-34 years
91654,woman,30,25-34 years
47982,man,32,25-34 years
89465,man,29,25-34 years
53260,man,32,25-34 years
36095,man,23,18-24 years
52140,man,49,45-54 years
72461,man,32,25-34 years
27410,man,38,35-44 years
75023,man,44,35-44 years
46075,man,23,18-24 years
93016,man,27,25-34 years
94078,man,40,35-44 years
24751,man,48,45-54 years
12956,man,39,35-44 years
26910,woman,33,25-34 years
6852,man,30,25-34 years
68137,man,31,25-34 years
47208,man,28,25-34 years
7968,man,25,25-34 years
68549,man,27,25-34 years
87406,man,40,35-44 years
63547,man,34,25-34 years
70189,woman,25,25-34 years
5649,man,33,25-34 years
98603,man,33,25-34 years
98035,man,25,25-34 years
90654,woman,28,25-34 years
40618,man,32,25-34 years
1829,man,29,25-34 years
54028,man,46,45-54 years
27563,man,35,35-44 years
29635,woman,27,25-34 years
25037,woman,26,25-34 years
23140,man,25,25-34 years
48269,man,36,35-44 years
34028,woman,13,13-17 years
78650,man,45,45-54 years
6714,man,29,25-34 years
74801,woman,32,25-34 years
60214,woman,30,25-34 years
19372,man,31,25-34 years
71826,man,32,25-34 years
16458,woman,35,35-44 years
61298,woman,18,18-24 years
37548,man,28,25-34 years
48021,man,45,45-54 years
48570,man,39,35-44 years
32750,man,35,35-44 years
82195,woman,31,25-34 years
1794,man,28,25-34 years
61205,man,41,35-44 years
40852,woman,32,25-34 years
49856,woman,28,25-34 years
75139,man,25,25-34 years
56792,man,39,35-44 years
50861,man,39,35-44 years
64329,man,41,35-44 years
59376,woman,31,25-34 years
1742,man,27,25-34 years
70153,man,23,18-24 years
15278,woman,30,25-34 years
80453,man,23,18-24 years
21548,man,28,25-34 years
10759,woman,27,25-34 years
9267,woman,31,25-34 years
53469,man,36,35-44 years
15872,woman,32,25-34 years
63520,man,29,25-34 years
16053,man,40,35-44 years
81523,man,28,25-34 years
6832,man,36,35-44 years
9187,man,28,25-34 years
6579,woman,35,35-44 years
42168,man,28,25-34 years
28561,woman,32,25-34 years
12490,man,33,25-34 years
38546,man,36,35-44 years
46231,man,29,25-34 years
42568,man,25,25-34 years
25017,woman,32,25-34 years
57064,woman,31,25-34 years
75081,man,31,25-34 years
64312,man,34,25-34 years
21640,woman,30,25-34 years
12468,woman,17,13-17 years
78190,woman,35,35-44 years
32849,woman,28,25-34 years
35186,man,26,25-34 years
94138,man,26,25-34 years
17209,man,27,25-34 years
61834,man,37,35-44 years
96342,man,44,35-44 years
10972,woman,23,18-24 years
4187,man,33,25-34 years
19406,man,39,35-44 years
75193,man,32,25-34 years
98752,man,35,35-44 years
40125,man,26,25-34 years
58467,man,37,35-44 years
45608,woman,34,25-34 years
80532,woman,36,35-44 years
67029,man,31,25-34 years
64592,woman,35,35-44 years
14236,woman,33,25-34 years
83150,man,30,25-34 years
45176,woman,29,25-34 years
17450,man,36,35-44 years
67051,man,25,25-34 years
87065,man,25,25-34 years
25713,man,29,25-34 years
18420,man,32,25-34 years
36842,man,33,25-34 years
90128,man,51,45-54 years
46198,man,41,35-44 years
56208,man,30,25-34 years
96380,woman,44,35-44 years
35674,man,26,25-34 years
61082,woman,26,25-34 years
75428,woman,32,25-34 years
86175,man,24,18-24 years
75420,woman,32,25-34 years
59682,man,33,25-34 years
60598,man,31,25-34 years
8251,man,37,35-44 years
6825,woman,27,25-34 years
40829,man,33,25-34 years
18094,man,30,25-34 years
12348,man,29,25-34 years
64513,man,25,25-34 years
9482,man,23,18-24 years
80361,woman,31,25-34 years
78462,man,46,45-54 years
15798,man,28,25-34 years
78205,man,25,25-34 years
32640,woman,26,25-34 years
19458,man,28,25-34 years
10492,man,29,25-34 years
75349,man,35,35-44 years
48635,man,33,25-34 years
19526,man,28,25-34 years
59340,man,31,25-34 years
35096,man,27,25-34 years
17842,man,50,45-54 years
32570,man,32,25-34 years
23096,man,37,35-44 years
83670,man,59,55-64 years
13976,man,42,35-44 years
56281,man,24,18-24 years
29851,man,31,25-34 years
56418,woman,42,35-44 years
80395,man,31,25-34 years
10483,man,24,18-24 years
52431,man,47,45-54 years
89342,man,41,35-44 years
30615,woman,31,25-34 years
31024,man,40,35-44 years
72561,woman,29,25-34 years
28391,man,24,18-24 years
94251,man,30,25-34 years
6791,man,33,25-34 years
19420,man,26,25-34 years
92453,man,34,25-34 years
94571,woman,27,25-34 years
82679,man,31,25-34 years
23657,woman,32,25-34 years
51809,woman,25,25-34 years
30175,man,30,25-34 years
23705,man,30,25-34 years
9215,man,28,25-34 years
50937,man,29,25-34 years
28163,man,29,25-34 years
16492,man,43,35-44 years
82507,man,24,18-24 years
74310,woman,25,25-34 years
85976,man,26,25-34 years
35472,man,27,25-34 years
48539,woman,32,25-34 years
93046,woman,32,25-34 years
20578,man,32,25-34 years
81370,man,26,25-34 years
17493,woman,28,25-34 years
87260,woman,23,18-24 years
93528,man,23,18-24 years
40728,man,22,18-24 years
59307,man,29,25-34 years
14650,man,32,25-34 years
4873,woman,28,25-34 years
46375,man,40,35-44 years
73984,woman,30,25-34 years
7319,woman,30,25-34 years
30697,man,39,35-44 years
27568,man,26,25-34 years
13960,man,27,25-34 years
68259,woman,33,25-34 years
98416,man,31,25-34 years
5231,man,22,18-24 years
84790,man,31,25-34 years
36972,man,29,25-34 years
5129,man,25,25-34 years
27580,man,24,18-24 years
5617,man,47,45-54 years
70162,man,27,25-34 years
97543,man,23,18-24 years
73508,woman,43,35-44 years
28360,man,39,35-44 years
12983,man,33,25-34 years
5276,man,30,25-34 years
68731,woman,36,35-44 years
13085,man,23,18-24 years
16920,man,47,45-54 years
89507,woman,24,18-24 years
47826,man,26,25-34 years
97108,woman,26,25-34 years
57802,man,30,25-34 years
40927,man,26,25-34 years
58029,man,53,45-54 years
75618,man,33,25-34 years
16923,man,27,25-34 years
56184,man,33,25-34 years
59863,man,35,35-44 years
59408,woman,34,25-34 years
91402,man,33,25-34 years
30142,man,29,25-34 years
92546,man,22,18-24 years
56310,woman,31,25-34 years
73842,woman,23,18-24 years
70132,man,24,18-24 years
17086,man,49,45-54 years
27169,man,22,18-24 years
92845,man,35,35-44 years
91405,woman,35,35-44 years
19507,man,23,18-24 years
3845,man,40,35-44 years
50312,man,43,35-44 years
46902,man,33,25-34 years
79845,woman,31,25-34 years
13548,woman,35,35-44 years
39765,man,31,25-34 years
84316,man,45,45-54 years
91270,man,35,35-44 years
51023,man,23,18-24 years
27043,man,48,45-54 years
17392,man,29,25-34 years
7984,man,29,25-34 years
50867,man,37,35-44 years
9756,man,40,35-44 years
92457,man,30,25-34 years
18325,man,25,25-34 years
32617,man,44,35-44 years
58361,woman,29,25-34 years
21468,man,26,25-34 years
64097,woman,39,35-44 years
91840,man,37,35-44 years
90125,man,49,45-54 years
65149,man,39,35-44 years
98463,man,28,25-34 years
12547,woman,29,25-34 years
56837,woman,30,25-34 years
87934,woman,31,25-34 years
63941,man,30,25-34 years
86217,man,28,25-34 years
59278,man,28,25-34 years
20749,man,39,35-44 years
43716,man,30,25-34 years
39867,man,32,25-34 years
59143,man,29,25-34 years
6392,man,35,35-44 years
64301,man,33,25-34 years
13806,man,27,25-34 years
76498,man,26,25-34 years
78125,woman,32,25-34 years
39281,woman,43,35-44 years
69503,man,36,35-44 years
19736,man,33,25-34 years
34297,man,55,55-64 years
4651,woman,29,25-34 years
57426,man,37,35-44 years
25314,man,28,25-34 years
49152,woman,35,35-44 years
98653,woman,25,25-34 years
34715,woman,33,25-34 years
27948,woman,32,25-34 years
31268,man,31,25-34 years
46527,man,33,25-34 years
2918,man,32,25-34 years
86145,man,51,45-54 years
37185,man,30,25-34 years
23745,man,24,18-24 years
38529,man,29,25-34 years
97685,man,32,25-34 years
31897,man,48,45-54 years
69512,man,24,18-24 years
46810,man,27,25-34 years
80932,man,42,35-44 years
18504,man,36,35-44 years
13697,man,31,25-34 years
2816,woman,34,25-34 years
80534,man,31,25-34 years
12957,man,29,25-34 years
1974,man,29,25-34 years
96708,woman,30,25-34 years
70652,man,24,18-24 years
59142,man,44,35-44 years
2935,man,28,25-34 years
14965,woman,28,25-34 years
95680,man,33,25-34 years
36895,woman,35,35-44 years
14765,man,53,45-54 years
15076,man,40,35-44 years
27506,man,27,25-34 years
97023,man,29,25-34 years
65240,man,42,35-44 years
68417,man,43,35-44 years
63150,woman,22,18-24 years
50278,woman,26,25-34 years
71396,man,38,35-44 years
45691,woman,31,25-34 years
50176,man,28,25-34 years
65140,man,47,45-54 years
75204,woman,31,25-34 years
57203,man,28,25-34 years
70158,man,42,35-44 years
84091,man,30,25-34 years
62439,man,38,35-44 years
43127,woman,33,25-34 years
31068,man,27,25-34 years
24357,man,39,35-44 years
78394,man,25,25-34 years
35764,man,40,35-44 years
26315,man,30,25-34 years
39504,woman,37,35-44 years
18450,man,30,25-34 years
89512,woman,30,25-34 years
80269,man,34,25-34 years
25367,man,40,35-44 years
65148,man,43,35-44 years
26153,woman,26,25-34 years
13458,man,35,35-44 years
17548,man,35,35-44 years
12873,woman,26,25-34 years
71480,man,37,35-44 years
9374,man,40,35-44 years
29130,man,24,18-24 years
47123,man,57,55-64 years
12059,woman,31,25-34 years
8569,man,24,18-24 years
87031,man,27,25-34 years
56827,man,22,18-24 years
85190,man,34,25-34 years
6739,man,45,45-54 years
79084,man,32,25-34 years
54936,woman,26,25-34 years
32956,man,37,35-44 years
21637,woman,32,25-34 years
76843,man,25,25-34 years
72489,man,33,25-34 years
41370,woman,39,35-44 years
64781,man,35,35-44 years
93647,man,22,18-24 years
96301,man,24,18-24 years
61058,woman,33,25-34 years
16934,woman,33,25-34 years
38069,man,32,25-34 years
74598,man,40,35-44 years
71825,man,32,25-34 years
64701,man,39,35-44 years
35870,woman,36,35-44 years
81972,man,22,18-24 years
31706,man,39,35-44 years
85930,man,27,25-34 years
54697,woman,36,35-44 years
16850,man,48,45-54 years
98643,man,24,18-24 years
64805,man,39,35-44 years
35210,man,31,25-34 years
72413,man,31,25-34 years
96071,man,28,25-34 years
35684,man,37,35-44 years
97361,man,32,25-34 years
84759,woman,27,25-34 years
42635,woman,21,18-24 years
23401,man,25,25-34 years
12604,man,23,18-24 years
97508,woman,44,35-44 years
42801,man,42,35-44 years
9852,man,27,25-34 years
3251,man,25,25-34 years
5614,woman,40,35-44 years
31609,man,27,25-34 years
7458,woman,49,45-54 years
85209,man,37,35-44 years
63502,man,20,18-24 years
69405,man,46,45-54 years
75823,man,26,25-34 years
15603,man,44,35-44 years
79452,woman,32,25-34 years
64913,man,26,25-34 years
76892,man,42,35-44 years
90251,man,42,35-44 years
56123,man,29,25-34 years
67842,woman,30,25-34 years
14306,man,33,25-34 years
54819,man,27,25-34 years
92317,man,30,25-34 years
25780,man,35,35-44 years
70941,woman,21,18-24 years
6491,man,31,25-34 years
8349,man,49,45-54 years
25748,man,39,35-44 years
1268,man,34,25-34 years
86914,man,41,35-44 years
2814,woman,45,45-54 years
21078,man,36,35-44 years
10583,woman,23,18-24 years
80426,woman,32,25-34 years
57193,man,43,35-44 years
14083,woman,29,25-34 years
97210,woman,30,25-34 years
24309,woman,61,55-64 years
30871,man,32,25-34 years
56241,woman,29,25-34 years
93658,man,29,25-34 years
29380,man,33,25-34 years
31805,man,23,18-24 years
50398,man,41,35-44 years
84297,man,29,25-34 years
31048,woman,34,25-34 years
14675,woman,33,25-34 years
38465,man,29,25-34 years
48162,woman,26,25-34 years
34785,man,37,35-44 years
40913,man,37,35-44 years
57982,man,32,25-34 years
26318,man,48,45-54 years
58917,man,32,25-34 years
87532,man,22,18-24 years
91708,man,29,25-34 years
64027,woman,21,18-24 years
27489,woman,28,25-34 years
87946,man,28,25-34 years
98543,man,23,18-24 years
94106,man,38,35-44 years
83946,man,25,25-34 years
19845,man,23,18-24 years
51973,man,45,45-54 years
1836,man,35,35-44 years
23504,man,29,25-34 years
65732,man,33,25-34 years
98362,woman,34,25-34 years
78156,woman,32,25-34 years
75984,man,33,25-34 years
1247,man,28,25-34 years
60538,woman,30,25-34 years
49758,man,28,25-34 years
61304,woman,19,18-24 years
81249,man,28,25-34 years
62314,man,33,25-34 years
9657,man,50,45-54 years
62580,man,35,35-44 years
24861,woman,29,25-34 years
98547,man,36,35-44 years
48257,man,30,25-34 years
51628,man,33,25-34 years
41562,woman,30,25-34 years
54201,man,37,35-44 years
58743,man,34,25-34 years
2891,woman,30,25-34 years
98702,man,32,25-34 years
27365,man,47,45-54 years
52796,man,29,25-34 years
40916,man,44,35-44 years
17835,man,31,25-34 years
15937,man,34,25-34 years
86431,man,44,35-44 years
31295,man,26,25-34 years
25791,man,32,25-34 years
83145,man,32,25-34 years
2854,man,34,25-34 years
21547,man,34,25-34 years
50328,man,26,25-34 years
57189,man,35,35-44 years
85679,woman,33,25-34 years
72093,man,26,25-34 years
65728,man,39,35-44 years
91562,man,35,35-44 years
32806,man,46,45-54 years
64137,man,19,18-24 years
9364,man,22,18-24 years
13902,man,38,35-44 years
3187,man,36,35-44 years
23581,man,26,25-34 years
79045,man,25,25-34 years
90618,man,32,25-34 years
13795,woman,38,35-44 years
86021,man,28,25-34 years
30527,woman,12,NA
94602,man,26,25-34 years
70324,man,31,25-34 years
36459,man,29,25-34 years
42970,man,42,35-44 years
34506,man,39,35-44 years
36821,man,35,35-44 years
91042,man,55,55-64 years
14028,man,32,25-34 years
15906,man,29,25-34 years
56834,man,28,25-34 years
47053,man,31,25-34 years
89035,man,39,35-44 years
50962,woman,51,45-54 years
36804,man,35,35-44 years
5832,man,33,25-34 years
67543,woman,39,35-44 years
89153,man,42,35-44 years
54621,man,24,18-24 years
36048,woman,25,25-34 years
24538,woman,32,25-34 years
92180,man,37,35-44 years
17802,man,37,35-44 years
50137,man,33,25-34 years
12890,man,40,35-44 years
57208,man,26,25-34 years
21836,man,39,35-44 years
65413,man,32,25-34 years
62854,man,28,25-34 years
28930,woman,32,25-34 years
67904,woman,32,25-34 years
52613,woman,28,25-34 years
8176,man,31,25-34 years
17894,man,25,25-34 years
87120,man,39,35-44 years
32605,woman,32,25-34 years
21059,man,41,35-44 years
68094,woman,29,25-34 years
50372,man,25,25-34 years
41678,man,34,25-34 years
52361,woman,39,35-44 years
21038,man,27,25-34 years
97520,man,30,25-34 years
29706,man,26,25-34 years
91483,woman,36,35-44 years
62904,man,29,25-34 years
16592,man,29,25-34 years
4986,woman,31,25-34 years
6948,man,27,25-34 years
49201,man,27,25-34 years
34876,man,24,18-24 years
31729,man,37,35-44 years
97208,man,33,25-34 years
98517,man,35,35-44 years
2894,man,36,35-44 years
36190,woman,34,25-34 years
34518,man,37,35-44 years
34795,man,27,25-34 years
48926,man,35,35-44 years
85317,man,25,25-34 years
48136,man,37,35-44 years
61753,man,41,35-44 years
92836,man,30,25-34 years
6458,man,30,25-34 years
28436,man,27,25-34 years
1823,man,44,35-44 years
7839,woman,32,25-34 years
78492,man,24,18-24 years
42650,man,34,25-34 years
56240,man,26,25-34 years
89076,man,34,25-34 years
4267,man,34,25-34 years
37054,man,23,18-24 years
31472,woman,31,25-34 years
39472,man,33,25-34 years
87013,man,20,18-24 years
80916,man,28,25-34 years
35271,woman,27,25-34 years
97250,man,22,18-24 years
21067,man,40,35-44 years
38410,man,41,35-44 years
13906,man,25,25-34 years
82914,woman,30,25-34 years
90834,man,24,18-24 years
65734,man,42,35-44 years
8126,man,29,25-34 years
23854,man,30,25-34 years
35084,woman,24,18-24 years
61532,man,30,25-34 years
71485,man,36,35-44 years
10528,man,33,25-34 years
61780,man,43,35-44 years
79036,man,59,55-64 years
92148,woman,26,25-34 years
27605,man,33,25-34 years
70384,man,40,35-44 years
83059,man,31,25-34 years
12570,man,25,25-34 years
21063,man,36,35-44 years
74861,man,35,35-44 years
85062,man,28,25-34 years
84269,man,26,25-34 years
87324,woman,30,25-34 years
18207,woman,30,25-34 years
42163,woman,34,25-34 years
67531,woman,34,25-34 years
73069,man,28,25-34 years
2983,man,37,35-44 years
86543,woman,25,25-34 years
36498,woman,31,25-34 years
34520,woman,32,25-34 years
91037,man,48,45-54 years
7164,man,46,45-54 years
94586,man,36,35-44 years
92015,man,21,18-24 years
98762,man,31,25-34 years
26534,man,31,25-34 years
80162,man,29,25-34 years
61503,man,24,18-24 years
8957,man,30,25-34 years
89160,man,52,45-54 years
87096,man,35,35-44 years
13248,man,40,35-44 years
97345,man,33,25-34 years
30518,man,32,25-34 years
93247,woman,35,35-44 years
13890,man,30,25-34 years
59163,man,24,18-24 years
27965,woman,31,25-34 years
86479,woman,32,25-34 years
31852,man,46,45-54 years
15768,man,43,35-44 years
3128,man,36,35-44 years
15037,woman,30,25-34 years
20957,man,27,25-34 years
65189,woman,40,35-44 years
86249,man,26,25-34 years
34081,man,31,25-34 years
89152,man,29,25-34 years
1547,woman,30,25-34 years
2439,man,22,18-24 years
47516,man,37,35-44 years
75046,man,40,35-44 years
90531,man,36,35-44 years
47609,man,46,45-54 years
70281,man,35,35-44 years
85670,man,34,25-34 years
48250,man,28,25-34 years
97162,man,35,35-44 years
54692,woman,35,35-44 years
91536,man,33,25-34 years
59072,man,30,25-34 years
19256,woman,33,25-34 years
74302,man,36,35-44 years
94512,man,42,35-44 years
6158,man,25,25-34 years
91432,man,27,25-34 years
93172,man,37,35-44 years
37405,man,30,25-34 years
85139,man,42,35-44 years
15478,woman,26,25-34 years
19472,man,32,25-34 years
61280,woman,45,45-54 years
24713,man,32,25-34 years
46213,man,37,35-44 years
20815,man,32,25-34 years
36248,woman,27,25-34 years
49752,man,33,25-34 years
59328,man,41,35-44 years
61342,man,24,18-24 years
98276,man,27,25-34 years
63587,man,34,25-34 years
7391,man,34,25-34 years
41672,man,30,25-34 years
76924,man,22,18-24 years
58069,woman,13,13-17 years
69342,man,24,18-24 years
98654,man,29,25-34 years
47390,woman,34,25-34 years
1472,woman,29,25-34 years
71450,man,26,25-34 years
65349,man,28,25-34 years
28190,man,29,25-34 years
16954,man,40,35-44 years
61948,man,24,18-24 years
26073,woman,21,18-24 years
35740,man,26,25-34 years
4971,man,29,25-34 years
40756,woman,39,35-44 years
24781,man,26,25-34 years
75163,man,42,35-44 years
73154,man,27,25-34 years
84057,woman,31,25-34 years
82740,man,42,35-44 years
5612,man,37,35-44 years
5172,woman,21,18-24 years
41697,man,51,45-54 years
58479,woman,26,25-34 years
20951,man,40,35-44 years
52617,man,48,45-54 years
45806,man,31,25-34 years
51694,woman,35,35-44 years
57029,man,39,35-44 years
43065,man,23,18-24 years
52304,man,32,25-34 years
52714,man,24,18-24 years
68431,man,39,35-44 years
50461,woman,36,35-44 years
17864,woman,26,25-34 years
17938,man,24,18-24 years
91724,man,24,18-24 years
3984,man,27,25-34 years
63758,man,43,35-44 years
51037,man,26,25-34 years
26905,man,27,25-34 years
56179,man,37,35-44 years
92501,man,36,35-44 years
5279,man,42,35-44 years
85394,man,34,25-34 years
42056,man,32,25-34 years
61802,man,35,35-44 years
2947,man,35,35-44 years
84563,man,42,35-44 years
80912,man,38,35-44 years
25986,man,39,35-44 years
74096,woman,13,13-17 years
37504,man,29,25-34 years
70284,man,27,25-34 years
89504,man,34,25-34 years
48625,man,48,45-54 years
24039,man,32,25-34 years
20943,woman,34,25-34 years
6439,man,39,35-44 years
70936,man,34,25-34 years
27468,man,31,25-34 years
36204,man,31,25-34 years
35814,woman,33,25-34 years
15920,man,33,25-34 years
73482,man,25,25-34 years
53147,woman,34,25-34 years
21387,woman,33,25-34 years
67034,man,41,35-44 years
31568,woman,29,25-34 years
91750,woman,35,35-44 years
53714,man,39,35-44 years
96054,man,45,45-54 years
31985,man,32,25-34 years
63295,man,26,25-34 years
46827,man,42,35-44 years
69807,man,45,45-54 years
68913,man,46,45-54 years
25318,man,19,18-24 years
29581,man,33,25-34 years
80276,man,27,25-34 years
53084,woman,33,25-34 years
97068,man,28,25-34 years
46980,man,32,25-34 years
94062,woman,41,35-44 years
90183,man,30,25-34 years
3789,man,29,25-34 years
38514,man,48,45-54 years
6349,woman,31,25-34 years
7612,man,34,25-34 years
63129,man,50,45-54 years
97261,man,44,35-44 years
42715,man,42,35-44 years
25837,man,48,45-54 years
86195,man,34,25-34 years
64813,man,23,18-24 years
32608,man,25,25-34 years
8395,man,27,25-34 years
84125,man,27,25-34 years
63921,woman,29,25-34 years
51804,woman,24,18-24 years
52469,man,39,35-44 years
51607,man,28,25-34 years
14379,man,30,25-34 years
23648,man,26,25-34 years
42936,man,29,25-34 years
62815,man,28,25-34 years
92573,man,31,25-34 years
16275,woman,39,35-44 years
35601,man,39,35-44 years
61450,man,27,25-34 years
16904,man,27,25-34 years
28315,man,41,35-44 years
46812,man,27,25-34 years
3291,woman,41,35-44 years
69250,man,27,25-34 years
84379,man,42,35-44 years
48103,man,30,25-34 years
2571,woman,34,25-34 years
8571,man,26,25-34 years
45836,man,27,25-34 years
72018,woman,30,25-34 years
64590,woman,33,25-34 years
64723,man,34,25-34 years
70426,man,25,25-34 years
72415,man,30,25-34 years
52037,woman,32,25-34 years
13720,man,24,18-24 years
43529,woman,29,25-34 years
89105,man,49,45-54 years
80214,woman,31,25-34 years
76489,woman,33,25-34 years
58210,man,51,45-54 years
98571,man,28,25-34 years
18532,man,25,25-34 years
28641,man,26,25-34 years
57893,man,32,25-34 years
15893,man,29,25-34 years
79085,man,33,25-34 years
37251,man,39,35-44 years
86135,woman,31,25-34 years
17236,man,25,25-34 years
2841,man,39,35-44 years
31649,man,16,13-17 years
50492,man,38,35-44 years
95078,woman,29,25-34 years
46701,man,24,18-24 years
60729,woman,31,25-34 years
57914,man,37,35-44 years
41896,man,34,25-34 years
13069,woman,32,25-34 years
85316,man,35,35-44 years
91372,man,41,35-44 years
53407,man,26,25-34 years
21096,man,24,18-24 years
19375,man,34,25-34 years
58374,man,33,25-34 years
95130,woman,32,25-34 years
9462,woman,25,25-34 years
4712,man,41,35-44 years
76239,man,33,25-34 years
62458,man,24,18-24 years
17962,man,31,25-34 years
50768,woman,42,35-44 years
87392,man,32,25-34 years
50371,man,27,25-34 years
75269,man,34,25-34 years
97521,woman,27,25-34 years
6213,man,33,25-34 years
38754,woman,40,35-44 years
62590,woman,26,25-34 years
58372,man,53,45-54 years
78314,man,42,35-44 years
32106,man,33,25-34 years
67124,man,27,25-34 years
97436,man,56,55-64 years
48091,man,32,25-34 years
61234,woman,42,35-44 years
38210,man,30,25-34 years
63491,woman,35,35-44 years
45960,woman,47,45-54 years
21065,woman,49,45-54 years
32974,man,30,25-34 years
17829,man,33,25-34 years
93042,man,34,25-34 years
5283,man,50,45-54 years
43520,man,36,35-44 years
37128,woman,29,25-34 years
79285,man,50,45-54 years
9126,man,44,35-44 years
64125,man,26,25-34 years
83965,woman,30,25-34 years
3896,man,28,25-34 years
5943,woman,38,35-44 years
84152,man,35,35-44 years
78104,woman,31,25-34 years
6412,man,33,25-34 years
18307,man,29,25-34 years
10358,man,29,25-34 years
51360,woman,33,25-34 years
67852,man,28,25-34 years
61537,man,30,25-34 years
7312,man,36,35-44 years
95317,man,28,25-34 years
52938,man,37,35-44 years
54893,man,23,18-24 years
9731,man,34,25-34 years
47368,man,33,25-34 years
1694,man,24,18-24 years
43697,man,31,25-34 years
87146,man,30,25-34 years
59463,woman,39,35-44 years
9285,woman,36,35-44 years
35102,man,36,35-44 years
83290,woman,26,25-34 years
25914,man,36,35-44 years
72380,man,31,25-34 years
71302,man,43,35-44 years
15824,woman,29,25-34 years
85710,man,27,25-34 years
82763,man,29,25-34 years
86394,woman,30,25-34 years
63719,man,28,25-34 years
7851,man,26,25-34 years
51736,man,34,25-34 years
14632,man,39,35-44 years
10956,man,37,35-44 years
29013,man,35,35-44 years
41823,man,36,35-44 years
5762,woman,36,35-44 years
71986,man,25,25-34 years
30721,man,39,35-44 years
35068,woman,31,25-34 years
6759,woman,32,25-34 years
78612,man,23,18-24 years
73205,man,37,35-44 years
79428,man,27,25-34 years
40239,man,27,25-34 years
32794,woman,31,25-34 years
78096,man,33,25-34 years
48315,woman,30,25-34 years
84629,man,34,25-34 years
41796,woman,29,25-34 years
67352,man,37,35-44 years
96431,man,26,25-34 years
34217,woman,34,25-34 years
82590,man,31,25-34 years
93852,man,27,25-34 years
59237,man,26,25-34 years
17369,man,42,35-44 years
21530,man,25,25-34 years
41972,woman,39,35-44 years
43610,man,33,25-34 years
70592,woman,44,35-44 years
78924,man,29,25-34 years
45837,man,39,35-44 years
25716,man,29,25-34 years
16935,man,25,25-34 years
89407,man,28,25-34 years
13798,woman,38,35-44 years
17852,man,36,35-44 years
90756,woman,31,25-34 years
26507,man,31,25-34 years
17420,man,43,35-44 years
56428,man,31,25-34 years
81457,man,31,25-34 years
3624,man,39,35-44 years
59167,man,46,45-54 years
37860,woman,29,25-34 years
16780,man,26,25-34 years
24067,man,30,25-34 years
56417,woman,31,25-34 years
7956,man,43,35-44 years
90243,man,34,25-34 years
13792,man,59,55-64 years
25386,man,46,45-54 years
47051,man,43,35-44 years
62934,man,24,18-24 years
45093,woman,21,18-24 years
50126,man,39,35-44 years
50327,man,31,25-34 years
68019,man,25,25-34 years
72946,man,43,35-44 years
32765,woman,38,35-44 years
9326,man,37,35-44 years
9368,man,35,35-44 years
34051,woman,33,25-34 years
59026,man,47,45-54 years
84302,man,32,25-34 years
17289,man,32,25-34 years
39158,man,46,45-54 years
6425,man,25,25-34 years
27861,woman,61,55-64 years
79185,man,28,25-34 years
59684,woman,25,25-34 years
6415,man,46,45-54 years
93468,man,46,45-54 years
13765,man,27,25-34 years
50413,man,33,25-34 years
2795,man,31,25-34 years
9321,man,28,25-34 years
17023,woman,25,25-34 years
61379,man,47,45-54 years
10256,man,30,25-34 years
75039,man,26,25-34 years
34975,man,27,25-34 years
59837,man,25,25-34 years
50931,man,24,18-24 years
63041,man,35,35-44 years
23054,man,31,25-34 years
48012,man,30,25-34 years
13426,man,35,35-44 years
96270,woman,32,25-34 years
27405,man,40,35-44 years
94876,man,29,25-34 years
70598,man,33,25-34 years
27496,woman,34,25-34 years
91803,man,41,35-44 years
9675,man,23,18-24 years
40217,woman,31,25-34 years
62971,man,46,45-54 years
38409,man,24,18-24 years
16830,man,33,25-34 years
41802,man,45,45-54 years
25174,man,40,35-44 years
15409,man,50,45-54 years
71930,man,25,25-34 years
73986,woman,36,35-44 years
75642,man,29,25-34 years
97568,man,34,25-34 years
52641,man,28,25-34 years
38764,woman,32,25-34 years
29158,woman,32,25-34 years
32089,woman,32,25-34 years
18594,woman,26,25-34 years
87420,man,31,25-34 years
18675,woman,34,25-34 years
93051,man,36,35-44 years
72459,woman,33,25-34 years
21534,woman,31,25-34 years
7528,woman,33,25-34 years
47801,woman,31,25-34 years
37024,man,26,25-34 years
98314,man,42,35-44 years
47521,man,38,35-44 years
95763,man,32,25-34 years
74530,man,45,45-54 years
59468,man,31,25-34 years
54301,man,30,25-34 years
54973,man,34,25-34 years
27318,woman,32,25-34 years
91374,man,32,25-34 years
86194,man,24,18-24 years
73485,man,37,35-44 years
27309,man,43,35-44 years
25193,man,44,35-44 years
46193,man,40,35-44 years
19346,woman,27,25-34 years
90365,man,44,35-44 years
62305,man,32,25-34 years
69713,man,38,35-44 years
10962,man,50,45-54 years
8652,man,31,25-34 years
43025,man,41,35-44 years
61495,man,48,45-54 years
10489,woman,37,35-44 years
26370,man,34,25-34 years
29873,man,34,25-34 years
87521,man,31,25-34 years
2867,man,29,25-34 years
75928,man,31,25-34 years
1487,man,37,35-44 years
52670,woman,32,25-34 years
71368,man,35,35-44 years
81047,man,49,45-54 years
81934,man,39,35-44 years
97562,woman,39,35-44 years
20915,man,45,45-54 years
59621,man,26,25-34 years
8162,man,24,18-24 years
97128,man,42,35-44 years
85042,man,25,25-34 years
93068,man,36,35-44 years
29476,man,34,25-34 years
38427,man,37,35-44 years
43920,man,32,25-34 years
67835,man,24,18-24 years
20978,woman,30,25-34 years
4823,man,26,25-34 years
28039,man,33,25-34 years
84652,woman,30,25-34 years
48520,man,35,35-44 years
9324,man,28,25-34 years
53476,man,34,25-34 years
73518,woman,25,25-34 years
27913,man,29,25-34 years
58164,man,32,25-34 years
24376,man,37,35-44 years
4719,man,34,25-34 years
31907,man,22,18-24 years
15407,woman,36,35-44 years
34768,man,32,25-34 years
94015,man,26,25-34 years
61274,woman,28,25-34 years
47981,man,38,35-44 years
20873,man,29,25-34 years
70981,man,30,25-34 years
28147,man,35,35-44 years
86142,man,33,25-34 years
19065,man,42,35-44 years
14789,man,34,25-34 years
70613,man,32,25-34 years
25948,man,44,35-44 years
81254,man,25,25-34 years
25370,man,24,18-24 years
46237,man,44,35-44 years
21083,man,31,25-34 years
21497,woman,30,25-34 years
2987,man,40,35-44 years
71630,woman,28,25-34 years
60345,man,22,18-24 years
25497,man,30,25-34 years
80197,man,31,25-34 years
14976,man,27,25-34 years
58023,man,33,25-34 years
89437,man,37,35-44 years
76015,man,41,35-44 years
53241,man,26,25-34 years
96034,man,27,25-34 years
62573,woman,39,35-44 years
20673,man,34,25-34 years
87352,man,35,35-44 years
97184,man,33,25-34 years
35628,man,29,25-34 years
20317,woman,37,35-44 years
21973,man,28,25-34 years
46538,woman,32,25-34 years
98425,man,38,35-44 years
52687,woman,39,35-44 years
53769,man,42,35-44 years
68342,woman,29,25-34 years
90742,man,35,35-44 years
32649,man,26,25-34 years
45610,man,26,25-34 years
59627,man,26,25-34 years
97514,man,29,25-34 years
23859,man,23,18-24 years
48125,man,26,25-34 years
34897,man,33,25-34 years
76402,man,31,25-34 years
12597,man,35,35-44 years
28369,man,31,25-34 years
72689,man,58,55-64 years
63954,woman,32,25-34 years
73549,man,34,25-34 years
65380,man,37,35-44 years
76923,man,24,18-24 years
79134,man,33,25-34 years
64853,man,32,25-34 years
19567,woman,33,25-34 years
59871,man,31,25-34 years
48523,woman,32,25-34 years
89432,man,38,35-44 years
83074,man,47,45-54 years
26319,man,45,45-54 years
71950,man,27,25-34 years
80152,man,35,35-44 years
34872,man,35,35-44 years
35618,woman,27,25-34 years
46578,man,50,45-54 years
27408,woman,27,25-34 years
57286,man,31,25-34 years
13875,man,33,25-34 years
63718,woman,33,25-34 years
38516,man,34,25-34 years
56249,man,38,35-44 years
24875,woman,32,25-34 years
40573,man,30,25-34 years
37915,man,30,25-34 years
4296,man,28,25-34 years
60971,man,26,25-34 years
13962,man,46,45-54 years
12704,man,60,55-64 years
64708,man,29,25-34 years
15694,man,26,25-34 years
58016,man,50,45-54 years
98754,man,31,25-34 years
20984,woman,21,18-24 years
34791,man,27,25-34 years
71294,man,32,25-34 years
46507,woman,28,25-34 years
63581,man,31,25-34 years
46215,man,28,25-34 years
50271,man,50,45-54 years
39624,woman,29,25-34 years
95401,man,35,35-44 years
40716,woman,26,25-34 years
16540,man,48,45-54 years
98526,man,23,18-24 years
26943,man,30,25-34 years
29150,man,28,25-34 years
59043,man,38,35-44 years
65824,man,26,25-34 years
80615,man,37,35-44 years
71925,man,33,25-34 years
17508,man,25,25-34 years
84719,woman,52,45-54 years
80239,man,27,25-34 years
32591,man,37,35-44 years
56930,woman,29,25-34 years
21698,man,32,25-34 years
98625,man,45,45-54 years
51924,woman,35,35-44 years
81902,man,36,35-44 years
82316,man,27,25-34 years
10576,man,40,35-44 years
52614,woman,32,25-34 years
61892,man,21,18-24 years
93750,woman,20,18-24 years
73962,man,27,25-34 years
43798,man,29,25-34 years
47931,man,27,25-34 years
27613,man,28,25-34 years
78931,woman,34,25-34 years
21963,man,26,25-34 years
67492,man,31,25-34 years
75840,woman,32,25-34 years
36401,woman,33,25-34 years
34875,woman,28,25-34 years
43958,man,36,35-44 years
57349,man,25,25-34 years
59402,man,31,25-34 years
38109,woman,28,25-34 years
64982,woman,32,25-34 years
28690,man,45,45-54 years
58176,man,28,25-34 years
71360,man,24,18-24 years
67309,man,36,35-44 years
3764,man,36,35-44 years
36021,man,24,18-24 years
35604,man,43,35-44 years
4735,man,29,25-34 years
67581,man,27,25-34 years
85094,woman,37,35-44 years
15839,man,35,35-44 years
38475,man,54,45-54 years
62739,woman,47,45-54 years
70319,man,26,25-34 years
98627,man,34,25-34 years
62851,man,29,25-34 years
27461,man,37,35-44 years
10752,man,29,25-34 years
26031,man,27,25-34 years
81294,woman,47,45-54 years
72345,man,35,35-44 years
20931,man,35,35-44 years
43579,man,30,25-34 years
38041,man,37,35-44 years
23751,man,29,25-34 years
80942,man,30,25-34 years
43759,woman,25,25-34 years
78134,man,36,35-44 years
52783,man,26,25-34 years
54196,man,32,25-34 years
80734,man,29,25-34 years
9513,man,26,25-34 years
15083,man,29,25-34 years
56821,woman,32,25-34 years
6248,man,33,25-34 years
31765,man,33,25-34 years
74053,man,40,35-44 years
54962,woman,24,18-24 years
96471,man,23,18-24 years
52407,woman,31,25-34 years
43078,man,52,45-54 years
56490,man,41,35-44 years
51208,man,33,25-34 years
92613,woman,29,25-34 years
29438,woman,33,25-34 years
68231,man,35,35-44 years
1236,man,35,35-44 years
92783,man,32,25-34 years
79162,man,34,25-34 years
9132,man,22,18-24 years
39051,woman,34,25-34 years
91340,man,23,18-24 years
63910,man,32,25-34 years
94178,man,45,45-54 years
34628,man,31,25-34 years
45739,man,39,35-44 years
20538,man,35,35-44 years
80153,man,40,35-44 years
20814,woman,62,55-64 years
7438,woman,30,25-34 years
57249,man,32,25-34 years
63092,man,43,35-44 years
32798,man,31,25-34 years
28076,man,26,25-34 years
8653,man,22,18-24 years
56938,woman,26,25-34 years
46172,woman,40,35-44 years
34068,woman,36,35-44 years
38071,man,31,25-34 years
94107,man,31,25-34 years
35412,man,35,35-44 years
54930,man,29,25-34 years
61894,man,26,25-34 years
94083,woman,28,25-34 years
54710,man,28,25-34 years
41325,man,26,25-34 years
46310,man,43,35-44 years
19074,man,39,35-44 years
71095,man,28,25-34 years
26795,man,44,35-44 years
75649,woman,35,35-44 years
96857,man,39,35-44 years
94065,man,33,25-34 years
59678,woman,31,25-34 years
15892,woman,34,25-34 years
5126,man,36,35-44 years
34056,woman,29,25-34 years
26371,woman,36,35-44 years
32875,man,25,25-34 years
40329,man,28,25-34 years
43690,man,25,25-34 years
98246,man,34,25-34 years
47692,woman,31,25-34 years
81259,man,28,25-34 years
78239,woman,29,25-34 years
80943,woman,49,45-54 years
68327,man,33,25-34 years
19705,man,23,18-24 years
1235,man,43,35-44 years
69530,woman,32,25-34 years
43928,man,34,25-34 years
60235,woman,37,35-44 years
70932,woman,32,25-34 years
45927,man,41,35-44 years
65231,woman,22,18-24 years
81423,man,33,25-34 years
81624,man,31,25-34 years
56180,woman,31,25-34 years
80195,woman,32,25-34 years
54016,man,25,25-34 years
30742,man,47,45-54 years
37865,man,46,45-54 years
13026,man,24,18-24 years
23817,man,24,18-24 years
32568,man,26,25-34 years
78693,man,27,25-34 years
83257,man,42,35-44 years
26891,woman,33,25-34 years
23510,man,29,25-34 years
10264,man,32,25-34 years
74152,man,29,25-34 years
35802,woman,25,25-34 years
1274,man,39,35-44 years
45231,man,36,35-44 years
10259,man,31,25-34 years
40917,man,43,35-44 years
91526,man,40,35-44 years
14879,man,28,25-34 years
57284,man,31,25-34 years
46097,man,23,18-24 years
24083,man,23,18-24 years
35964,man,26,25-34 years
89061,man,37,35-44 years
85417,woman,32,25-34 years
43657,man,38,35-44 years
25493,man,38,35-44 years
62805,man,52,45-54 years
47358,woman,32,25-34 years
6973,man,33,25-34 years
82169,man,35,35-44 years
56280,man,27,25-34 years
70352,man,24,18-24 years
70539,man,36,35-44 years
39852,man,29,25-34 years
82457,man,41,35-44 years
53182,woman,35,35-44 years
4683,man,45,45-54 years
28945,man,32,25-34 years
12309,man,31,25-34 years
83794,man,44,35-44 years
53280,man,32,25-34 years
50739,man,32,25-34 years
13647,man,27,25-34 years
91586,woman,35,35-44 years
25687,woman,30,25-34 years
47250,man,45,45-54 years
8516,man,25,25-34 years
1476,woman,30,25-34 years
34695,man,34,25-34 years
16927,man,28,25-34 years
67183,man,24,18-24 years
74265,woman,19,18-24 years
87391,woman,33,25-34 years
48703,woman,21,18-24 years
57890,man,34,25-34 years
28074,man,26,25-34 years
50462,woman,31,25-34 years
46095,man,35,35-44 years
90162,woman,35,35-44 years
98072,man,26,25-34 years
20395,man,38,35-44 years
43971,man,51,45-54 years
46735,woman,21,18-24 years
90817,woman,36,35-44 years
80971,man,31,25-34 years
50246,man,24,18-24 years
70459,man,46,45-54 years
84392,woman,27,25-34 years
91345,woman,29,25-34 years
71309,man,22,18-24 years
35146,man,32,25-34 years
47913,man,42,35-44 years
5349,woman,30,25-34 years
6519,man,32,25-34 years
71453,man,28,25-34 years
61208,man,34,25-34 years
97365,woman,33,25-34 years
98125,man,24,18-24 years
64523,man,36,35-44 years
83456,man,28,25-34 years
62105,woman,29,25-34 years
3861,man,43,35-44 years
31485,man,34,25-34 years
48917,woman,30,25-34 years
74192,man,29,25-34 years
60451,woman,37,35-44 years
62941,man,38,35-44 years
95048,man,36,35-44 years
15064,man,40,35-44 years
34675,man,28,25-34 years
81625,man,29,25-34 years
73198,woman,39,35-44 years
52301,man,24,18-24 years
76351,man,32,25-34 years
42896,man,37,35-44 years
74658,woman,32,25-34 years
38164,man,33,25-34 years
69427,man,36,35-44 years
20684,man,26,25-34 years
72536,man,28,25-34 years
3759,woman,35,35-44 years
61752,woman,33,25-34 years
39652,man,31,25-34 years
4726,man,25,25-34 years
20195,woman,29,25-34 years
57986,woman,32,25-34 years
76951,man,37,35-44 years
54629,man,40,35-44 years
52839,woman,32,25-34 years
28134,man,25,25-34 years
93268,man,26,25-34 years
16348,man,25,25-34 years
63210,man,41,35-44 years
25013,man,47,45-54 years
51403,man,28,25-34 years
60249,woman,33,25-34 years
21740,man,27,25-34 years
92143,woman,39,35-44 years
64015,man,34,25-34 years
71530,man,33,25-34 years
89306,woman,31,25-34 years
32490,man,37,35-44 years
95283,man,41,35-44 years
19320,man,27,25-34 years
76035,woman,30,25-34 years
5389,man,41,35-44 years
85630,woman,34,25-34 years
27860,man,47,45-54 years
47015,man,31,25-34 years
67935,man,27,25-34 years
6387,man,33,25-34 years
67498,man,30,25-34 years
14657,man,31,25-34 years
19358,man,23,18-24 years
30569,woman,39,35-44 years
9765,man,46,45-54 years
71325,man,29,25-34 years
94156,man,25,25-34 years
9385,man,24,18-24 years
16783,man,28,25-34 years
15728,man,24,18-24 years
13095,man,39,35-44 years
93208,man,28,25-34 years
50817,man,26,25-34 years
53908,man,35,35-44 years
70624,woman,26,25-34 years
47263,man,34,25-34 years
8641,woman,50,45-54 years
15420,woman,29,25-34 years
78243,man,25,25-34 years
56910,man,30,25-34 years
80217,man,40,35-44 years
1835,man,28,25-34 years
14865,man,29,25-34 years
35064,man,29,25-34 years
16532,man,22,18-24 years
40269,man,47,45-54 years
32746,man,35,35-44 years
45938,man,40,35-44 years
78405,man,25,25-34 years
69312,man,46,45-54 years
56210,man,37,35-44 years
3524,man,36,35-44 years
52031,man,41,35-44 years
75026,woman,32,25-34 years
16820,man,25,25-34 years
49652,woman,33,25-34 years
92513,woman,43,35-44 years
62351,man,37,35-44 years
20891,woman,31,25-34 years
39564,man,31,25-34 years
35861,man,25,25-34 years
17285,woman,33,25-34 years
84510,man,33,25-34 years
53768,man,26,25-34 years
56812,woman,29,25-34 years
31708,man,37,35-44 years
97501,man,29,25-34 years
12894,man,26,25-34 years
45213,man,27,25-34 years
28504,man,22,18-24 years
3285,man,33,25-34 years
7849,woman,30,25-34 years
16420,man,31,25-34 years
82094,man,29,25-34 years
1548,woman,35,35-44 years
8732,man,27,25-34 years
6547,woman,25,25-34 years
37642,man,33,25-34 years
54318,man,35,35-44 years
26184,man,28,25-34 years
24658,man,39,35-44 years
76483,woman,28,25-34 years
13745,man,30,25-34 years
19036,man,60,55-64 years
53249,man,33,25-34 years
63472,man,39,35-44 years
39201,man,34,25-34 years
58793,man,29,25-34 years
35419,man,32,25-34 years
65392,woman,50,45-54 years
72584,woman,31,25-34 years
18490,woman,32,25-34 years
90761,man,44,35-44 years
78192,man,37,35-44 years
87621,man,29,25-34 years
65708,man,27,25-34 years
65739,woman,30,25-34 years
81540,woman,34,25-34 years
72451,man,43,35-44 years
9413,man,33,25-34 years
54683,man,30,25-34 years
84291,man,29,25-34 years
30561,man,33,25-34 years
46872,man,36,35-44 years
83415,man,42,35-44 years
50239,man,24,18-24 years
96415,man,37,35-44 years
1749,man,28,25-34 years
40653,man,44,35-44 years
62745,man,29,25-34 years
27905,man,26,25-34 years
37649,man,33,25-34 years
81304,man,42,35-44 years
35894,man,43,35-44 years
35219,man,30,25-34 years
82947,man,31,25-34 years
94175,man,28,25-34 years
94361,woman,19,18-24 years
50146,man,23,18-24 years
83964,woman,38,35-44 years
90612,man,33,25-34 years
5327,woman,39,35-44 years
23761,woman,49,45-54 years
42861,woman,32,25-34 years
97628,man,32,25-34 years
21309,man,30,25-34 years
4892,man,31,25-34 years
4163,man,41,35-44 years
47251,man,19,18-24 years
57281,man,25,25-34 years
25376,man,32,25-34 years
18234,woman,29,25-34 years
62175,man,37,35-44 years
53140,man,41,35-44 years
39427,woman,36,35-44 years
78293,man,27,25-34 years
59028,woman,27,25-34 years
76021,man,32,25-34 years
41803,man,27,25-34 years
73248,man,34,25-34 years
59623,man,30,25-34 years
76283,man,23,18-24 years
19247,man,30,25-34 years
36920,woman,36,35-44 years
63185,man,35,35-44 years
26095,man,22,18-24 years
75063,man,38,35-44 years
26493,man,30,25-34 years
91468,woman,31,25-34 years
47203,man,29,25-34 years
67132,man,33,25-34 years
32706,woman,34,25-34 years
97502,man,34,25-34 years
98345,woman,28,25-34 years
4175,man,40,35-44 years
73620,man,25,25-34 years
17459,woman,29,25-34 years
59178,man,46,45-54 years
28405,woman,31,25-34 years
13465,woman,29,25-34 years
94638,man,39,35-44 years
84370,man,31,25-34 years
79385,man,36,35-44 years
4156,man,28,25-34 years
21035,man,27,25-34 years
12750,man,33,25-34 years
48276,man,31,25-34 years
65301,man,31,25-34 years
41389,man,46,45-54 years
57042,man,26,25-34 years
30847,man,24,18-24 years
14695,man,23,18-24 years
34250,woman,44,35-44 years
12793,man,28,25-34 years
79406,man,32,25-34 years
34821,man,26,25-34 years
51802,man,25,25-34 years
8627,man,31,25-34 years
24390,man,38,35-44 years
8654,man,24,18-24 years
36097,man,47,45-54 years
24851,man,26,25-34 years
9384,man,56,55-64 years
46907,man,26,25-34 years
7652,woman,26,25-34 years
23698,man,29,25-34 years
72506,woman,31,25-34 years
86143,man,31,25-34 years
20318,man,52,45-54 years
89043,woman,30,25-34 years
6147,man,32,25-34 years
67348,man,26,25-34 years
8439,man,30,25-34 years
49176,man,34,25-34 years
87160,woman,32,25-34 years
37208,man,26,25-34 years
92870,man,42,35-44 years
19438,man,27,25-34 years
64318,woman,47,45-54 years
63281,man,33,25-34 years
85146,woman,49,45-54 years
93867,man,55,55-64 years
15609,man,39,35-44 years
15936,man,28,25-34 years
9352,woman,36,35-44 years
1526,woman,31,25-34 years
69253,man,35,35-44 years
34170,man,34,25-34 years
29083,woman,31,25-34 years
19653,man,24,18-24 years
53172,woman,36,35-44 years
94563,woman,32,25-34 years
58306,man,27,25-34 years
43817,man,32,25-34 years
94108,man,33,25-34 years
9268,woman,31,25-34 years
26839,woman,28,25-34 years
30567,woman,32,25-34 years
26187,man,33,25-34 years
37096,man,31,25-34 years
46312,man,39,35-44 years
95380,man,38,35-44 years
16423,man,29,25-34 years
17398,woman,32,25-34 years
35729,man,26,25-34 years
81095,man,31,25-34 years
64087,man,28,25-34 years
40987,woman,30,25-34 years
69027,man,25,25-34 years
5218,man,36,35-44 years
47290,man,31,25-34 years
10258,man,44,35-44 years
26741,man,47,45-54 years
69873,man,31,25-34 years
53814,man,34,25-34 years
53064,woman,32,25-34 years
93405,man,28,25-34 years
49150,man,31,25-34 years
84531,man,24,18-24 years
31204,woman,48,45-54 years
74250,woman,29,25-34 years
95812,man,26,25-34 years
79465,woman,29,25-34 years
52974,woman,30,25-34 years
13045,woman,27,25-34 years
9875,woman,31,25-34 years
14583,woman,45,45-54 years
92478,man,30,25-34 years
36189,man,27,25-34 years
16903,man,29,25-34 years
75943,man,24,18-24 years
67328,man,35,35-44 years
1348,man,35,35-44 years
9514,man,50,45-54 years
89326,man,27,25-34 years
51647,man,30,25-34 years
32941,man,33,25-34 years
58061,man,35,35-44 years
53102,woman,28,25-34 years
68270,man,38,35-44 years
89764,man,33,25-34 years
64198,man,26,25-34 years
75629,man,37,35-44 years
98531,man,28,25-34 years
14276,man,26,25-34 years
89136,man,23,18-24 years
57389,man,29,25-34 years
29813,man,37,35-44 years
5712,woman,34,25-34 years
30486,woman,30,25-34 years
20956,woman,34,25-34 years
3162,man,31,25-34 years
40216,woman,29,25-34 years
15283,man,26,25-34 years
19206,man,28,25-34 years
14362,man,39,35-44 years
30682,man,27,25-34 years
37160,man,22,18-24 years
23910,man,28,25-34 years
28970,man,33,25-34 years
82139,woman,23,18-24 years
59316,woman,29,25-34 years
64780,man,33,25-34 years
32587,woman,30,25-34 years
28617,man,41,35-44 years
69521,man,28,25-34 years
71084,woman,34,25-34 years
47369,man,27,25-34 years
97831,man,26,25-34 years
57496,man,26,25-34 years
73841,woman,24,18-24 years
29051,woman,28,25-34 years
4321,woman,35,35-44 years
9682,woman,31,25-34 years
75136,man,34,25-34 years
85967,man,24,18-24 years
2958,man,32,25-34 years
10673,woman,32,25-34 years
81943,man,28,25-34 years
81059,man,34,25-34 years
60541,man,36,35-44 years
59478,man,31,25-34 years
14625,man,39,35-44 years
26049,man,33,25-34 years
45209,man,23,18-24 years
16948,man,48,45-54 years
47209,man,26,25-34 years
56931,man,29,25-34 years
3279,man,39,35-44 years
26419,man,28,25-34 years
13289,man,24,18-24 years
86457,man,32,25-34 years
79568,woman,32,25-34 years
45301,man,22,18-24 years
84150,woman,32,25-34 years
7926,woman,36,35-44 years
7236,woman,26,25-34 years
65743,man,32,25-34 years
92547,man,28,25-34 years
59240,woman,33,25-34 years
91430,man,24,18-24 years
95103,man,47,45-54 years
53682,man,51,45-54 years
76495,woman,28,25-34 years
51306,man,45,45-54 years
14026,man,34,25-34 years
6157,man,47,45-54 years
52837,man,36,35-44 years
70264,man,41,35-44 years
76254,man,43,35-44 years
95482,woman,34,25-34 years
78520,woman,31,25-34 years
34927,man,25,25-34 years
48956,man,24,18-24 years
54018,woman,34,25-34 years
39058,man,35,35-44 years
91827,woman,40,35-44 years
8695,man,29,25-34 years
95247,woman,33,25-34 years
19836,woman,23,18-24 years
84639,woman,35,35-44 years
34209,man,31,25-34 years
58473,man,52,45-54 years
38927,man,48,45-54 years
2315,man,35,35-44 years
20568,man,35,35-44 years
79425,man,34,25-34 years
35789,man,34,25-34 years
39280,man,34,25-34 years
68127,man,34,25-34 years
80576,woman,28,25-34 years
15473,man,32,25-34 years
90576,man,32,25-34 years
78409,man,28,25-34 years
40516,man,45,45-54 years
3256,man,25,25-34 years
28973,man,23,18-24 years
69178,man,32,25-34 years
23197,woman,31,25-34 years
6427,woman,31,25-34 years
34582,man,34,25-34 years
73514,man,32,25-34 years
27816,man,32,25-34 years
16254,woman,36,35-44 years
80629,man,48,45-54 years
9382,woman,33,25-34 years
50873,woman,41,35-44 years
91208,man,41,35-44 years
74612,woman,31,25-34 years
45128,man,46,45-54 years
24756,man,33,25-34 years
36749,woman,35,35-44 years
94723,man,29,25-34 years
93827,woman,32,25-34 years
40567,woman,27,25-34 years
95821,man,33,25-34 years
81764,man,34,25-34 years
34207,man,31,25-34 years
75941,man,31,25-34 years
18379,man,47,45-54 years
42379,man,39,35-44 years
41607,woman,27,25-34 years
52914,woman,33,25-34 years
43810,man,30,25-34 years
51369,woman,19,18-24 years
58674,woman,31,25-34 years
41568,man,28,25-34 years
79652,man,37,35-44 years
63920,man,32,25-34 years
10853,man,37,35-44 years
98506,man,39,35-44 years
70126,woman,41,35-44 years
70843,man,23,18-24 years
5942,man,55,55-64 years
83570,man,36,35-44 years
68450,man,23,18-24 years
28516,man,28,25-34 years
98574,man,24,18-24 years
14067,man,45,45-54 years
13402,man,27,25-34 years
30549,man,29,25-34 years
87130,woman,28,25-34 years
2413,woman,28,25-34 years
69402,man,20,18-24 years
46130,woman,30,25-34 years
51836,man,24,18-24 years
36814,man,47,45-54 years
82631,man,30,25-34 years
52091,woman,28,25-34 years
75908,man,24,18-24 years
40718,man,35,35-44 years
76045,man,29,25-34 years
36741,man,33,25-34 years
51693,man,41,35-44 years
79682,man,50,45-54 years
78936,man,26,25-34 years
75462,man,30,25-34 years
52483,man,30,25-34 years
14087,man,40,35-44 years
24986,man,31,25-34 years
3246,man,35,35-44 years
96185,man,20,18-24 years
35910,man,42,35-44 years
71832,man,34,25-34 years
57346,man,41,35-44 years
2853,man,29,25-34 years
26984,man,29,25-34 years
17523,woman,39,35-44 years
65178,man,32,25-34 years
4926,woman,33,25-34 years
29843,man,36,35-44 years
75468,man,32,25-34 years
84516,man,22,18-24 years
17458,woman,27,25-34 years
23014,woman,35,35-44 years
97542,man,35,35-44 years
97348,man,33,25-34 years
87413,woman,31,25-34 years
7618,man,39,35-44 years
5736,woman,23,18-24 years
35417,man,36,35-44 years
90146,man,22,18-24 years
64958,man,26,25-34 years
31408,man,35,35-44 years
59462,man,62,55-64 years
27895,woman,33,25-34 years
71086,woman,23,18-24 years
35701,man,47,45-54 years
8962,man,42,35-44 years
26538,woman,30,25-34 years
3591,woman,28,25-34 years
43791,man,30,25-34 years
76539,man,31,25-34 years
46870,man,28,25-34 years
93416,man,31,25-34 years
86231,man,26,25-34 years
46217,woman,38,35-44 years
24891,man,35,35-44 years
71028,man,41,35-44 years
61749,man,33,25-34 years
2316,man,45,45-54 years
73652,man,24,18-24 years
58732,man,35,35-44 years
80256,man,34,25-34 years
1468,woman,28,25-34 years
43816,man,39,35-44 years
80436,man,33,25-34 years
45831,man,33,25-34 years
5792,woman,28,25-34 years
86251,woman,52,45-54 years
85690,man,34,25-34 years
34985,man,40,35-44 years
95102,man,30,25-34 years
58901,man,50,45-54 years
18203,woman,16,13-17 years
13870,man,33,25-34 years
87430,man,27,25-34 years
5912,man,33,25-34 years
72490,man,39,35-44 years
31095,man,27,25-34 years
40182,man,32,25-34 years
93041,man,31,25-34 years
79605,man,35,35-44 years
95687,man,32,25-34 years
89603,woman,32,25-34 years
85743,man,37,35-44 years
59047,man,40,35-44 years
28049,man,43,35-44 years
15328,man,31,25-34 years
80941,man,29,25-34 years
49703,man,33,25-34 years
2461,man,33,25-34 years
60439,woman,31,25-34 years
36840,man,28,25-34 years
56738,woman,37,35-44 years
23109,man,47,45-54 years
92187,woman,29,25-34 years
17469,man,37,35-44 years
40897,man,30,25-34 years
45036,woman,31,25-34 years
10649,woman,31,25-34 years
61973,man,25,25-34 years
92075,woman,33,25-34 years
23841,man,27,25-34 years
95726,woman,30,25-34 years
81975,man,31,25-34 years
42736,man,46,45-54 years
14953,man,47,45-54 years
43695,woman,50,45-54 years
74930,man,34,25-34 years
1395,man,33,25-34 years
76542,woman,31,25-34 years
10384,man,32,25-34 years
76583,man,25,25-34 years
27503,woman,30,25-34 years
6273,man,31,25-34 years
89621,woman,32,25-34 years
19783,man,29,25-34 years
80154,man,35,35-44 years
9518,woman,35,35-44 years
16234,man,24,18-24 years
28971,man,26,25-34 years
57469,man,29,25-34 years
71206,man,33,25-34 years
68507,man,24,18-24 years
8234,man,34,25-34 years
60532,man,32,25-34 years
23408,woman,31,25-34 years
25709,woman,25,25-34 years
71529,man,31,25-34 years
75910,woman,35,35-44 years
27901,man,31,25-34 years
38147,man,53,45-54 years
93741,man,28,25-34 years
47698,man,42,35-44 years
65139,man,43,35-44 years
31720,man,32,25-34 years
20413,man,30,25-34 years
70193,man,41,35-44 years
81257,woman,39,35-44 years
6375,man,22,18-24 years
62031,man,30,25-34 years
71593,man,22,18-24 years
89675,man,24,18-24 years
38752,man,42,35-44 years
95402,man,33,25-34 years
4768,man,51,45-54 years
65207,man,39,35-44 years
72431,man,44,35-44 years
26803,man,36,35-44 years
59321,man,49,45-54 years
27308,man,26,25-34 years
61840,man,32,25-34 years
17948,man,18,18-24 years
21948,man,25,25-34 years
53062,man,24,18-24 years
82637,man,29,25-34 years
56438,man,46,45-54 years
70935,man,39,35-44 years
57132,man,27,25-34 years
74509,woman,34,25-34 years
45198,man,27,25-34 years
61928,man,30,25-34 years
93568,man,36,35-44 years
36179,man,46,45-54 years
82945,woman,30,25-34 years
5329,man,32,25-34 years
26170,man,43,35-44 years
80765,man,28,25-34 years
60539,man,34,25-34 years
49867,man,24,18-24 years
79286,man,35,35-44 years
87543,man,51,45-54 years
23576,woman,36,35-44 years
64059,man,30,25-34 years
61278,man,36,35-44 years
17425,man,29,25-34 years
32150,man,24,18-24 years
30481,man,31,25-34 years
41032,man,34,25-34 years
10793,man,35,35-44 years
26340,man,36,35-44 years
93685,man,35,35-44 years
62981,man,42,35-44 years
95264,man,45,45-54 years
10453,woman,27,25-34 years
86417,man,34,25-34 years
87024,man,37,35-44 years
73615,woman,32,25-34 years
49372,man,22,18-24 years
21647,man,28,25-34 years
71320,man,40,35-44 years
42160,man,39,35-44 years
38765,man,28,25-34 years
59732,woman,29,25-34 years
72964,man,29,25-34 years
62435,man,42,35-44 years
69708,man,25,25-34 years
60234,man,27,25-34 years
54376,man,28,25-34 years
87203,man,24,18-24 years
57913,man,27,25-34 years
82097,woman,32,25-34 years
34652,man,29,25-34 years
67082,man,27,25-34 years
75430,man,23,18-24 years
60147,man,24,18-24 years
46352,man,33,25-34 years
59062,man,28,25-34 years
39860,man,37,35-44 years
76305,woman,32,25-34 years
23415,woman,28,25-34 years
94815,man,26,25-34 years
69052,man,29,25-34 years
39741,man,33,25-34 years
73561,man,37,35-44 years
89634,man,29,25-34 years
51964,man,43,35-44 years
56207,man,30,25-34 years
19345,woman,33,25-34 years
6597,man,23,18-24 years
49128,woman,37,35-44 years
60571,woman,42,35-44 years
17869,woman,33,25-34 years
56791,man,26,25-34 years
4762,woman,34,25-34 years
9426,woman,32,25-34 years
67593,woman,34,25-34 years
7594,man,34,25-34 years
50124,man,32,25-34 years
89726,man,35,35-44 years
78493,man,39,35-44 years
47183,woman,31,25-34 years
58642,man,25,25-34 years
51249,woman,36,35-44 years
78610,woman,29,25-34 years
7653,man,30,25-34 years
78923,woman,36,35-44 years
43095,man,27,25-34 years
43859,woman,29,25-34 years
12509,woman,36,35-44 years
39061,man,38,35-44 years
9251,man,28,25-34 years
70285,man,29,25-34 years
93718,man,31,25-34 years
48173,man,26,25-34 years
14685,woman,30,25-34 years
17058,man,35,35-44 years
21593,man,34,25-34 years
35971,man,35,35-44 years
47320,man,49,45-54 years
92167,man,34,25-34 years
36897,man,40,35-44 years
6541,man,37,35-44 years
68751,man,45,45-54 years
92146,man,44,35-44 years
72418,woman,27,25-34 years
68540,woman,30,25-34 years
98357,man,28,25-34 years
2143,man,42,35-44 years
80567,man,26,25-34 years
69842,man,35,35-44 years
46817,woman,30,25-34 years
83704,man,44,35-44 years
45780,woman,33,25-34 years
18074,man,32,25-34 years
85970,man,48,45-54 years
16837,man,31,25-34 years
42039,man,30,25-34 years
72430,man,36,35-44 years
62135,man,32,25-34 years
24501,man,28,25-34 years
71524,man,26,25-34 years
3248,man,27,25-34 years
89615,woman,29,25-34 years
80926,man,36,35-44 years
79405,man,35,35-44 years
26531,man,37,35-44 years
7392,woman,38,35-44 years
7258,man,23,18-24 years
2385,man,33,25-34 years
1765,man,30,25-34 years
52496,man,31,25-34 years
38574,man,31,25-34 years
8476,woman,29,25-34 years
19647,man,27,25-34 years
92670,man,30,25-34 years
50237,woman,30,25-34 years
53968,man,26,25-34 years
96541,man,53,45-54 years
93152,woman,28,25-34 years
24738,man,31,25-34 years
37145,man,34,25-34 years
10976,man,39,35-44 years
32459,man,26,25-34 years
41806,man,39,35-44 years
85714,man,24,18-24 years
26784,man,38,35-44 years
49836,man,27,25-34 years
48517,man,20,18-24 years
90632,man,28,25-34 years
64820,man,40,35-44 years
83921,woman,32,25-34 years
8691,man,24,18-24 years
9467,man,34,25-34 years
54083,man,26,25-34 years
80714,woman,41,35-44 years
48309,man,40,35-44 years
18650,man,24,18-24 years
84179,woman,30,25-34 years
94013,man,26,25-34 years
70643,man,24,18-24 years
38629,man,33,25-34 years
48617,man,27,25-34 years
23957,man,27,25-34 years
87695,woman,24,18-24 years
5978,man,24,18-24 years
9238,man,27,25-34 years
1658,woman,28,25-34 years
12907,man,30,25-34 years
34021,man,32,25-34 years
83402,woman,28,25-34 years
35640,man,27,25-34 years
90126,man,31,25-34 years
62541,man,29,25-34 years
5986,man,32,25-34 years
85371,man,24,18-24 years
90673,woman,35,35-44 years
10372,woman,32,25-34 years
37502,man,33,25-34 years
53976,man,38,35-44 years
14078,man,35,35-44 years
47605,man,34,25-34 years
45281,man,34,25-34 years
19240,man,26,25-34 years
84172,man,32,25-34 years
83091,man,45,45-54 years
97610,man,28,25-34 years
73816,man,27,25-34 years
28659,man,32,25-34 years
69307,woman,35,35-44 years
86372,woman,44,35-44 years
79610,man,44,35-44 years
27915,woman,27,25-34 years
86013,woman,30,25-34 years
79853,man,35,35-44 years
4125,man,50,45-54 years
52790,woman,46,45-54 years
54601,man,32,25-34 years
51943,man,30,25-34 years
28396,man,28,25-34 years
85192,woman,32,25-34 years
16478,man,33,25-34 years
92405,woman,32,25-34 years
31280,man,28,25-34 years
16395,woman,24,18-24 years
10357,man,23,18-24 years
83510,man,29,25-34 years
15942,man,24,18-24 years
67059,man,39,35-44 years
40297,man,33,25-34 years
72048,woman,34,25-34 years
9723,man,31,25-34 years
14389,man,24,18-24 years
41268,man,44,35-44 years
70315,man,39,35-44 years
46920,man,25,25-34 years
67951,woman,36,35-44 years
8134,man,21,18-24 years
28954,man,28,25-34 years
89430,woman,27,25-34 years
25643,man,28,25-34 years
4397,woman,28,25-34 years
31794,man,28,25-34 years
62485,man,27,25-34 years
74906,woman,33,25-34 years
2763,woman,34,25-34 years
2358,woman,31,25-34 years
9642,woman,48,45-54 years
15078,man,25,25-34 years
64051,man,39,35-44 years
6479,man,37,35-44 years
37084,woman,29,25-34 years
73105,man,34,25-34 years
3854,man,28,25-34 years
1359,man,26,25-34 years
10362,man,32,25-34 years
47239,man,26,25-34 years
68379,woman,27,25-34 years
2519,man,39,35-44 years
32189,woman,32,25-34 years
54816,man,35,35-44 years
5462,man,41,35-44 years
6291,man,35,35-44 years
26439,woman,32,25-34 years
74385,woman,31,25-34 years
43279,man,36,35-44 years
79352,woman,30,25-34 years
63097,man,36,35-44 years
40865,man,42,35-44 years
53096,woman,48,45-54 years
45283,woman,23,18-24 years
56739,man,39,35-44 years
74261,man,45,45-54 years
94850,man,35,35-44 years
65024,man,45,45-54 years
2863,man,27,25-34 years
4782,man,31,25-34 years
34620,man,45,45-54 years
13520,man,30,25-34 years
16892,man,40,35-44 years
56432,man,51,45-54 years
67384,man,32,25-34 years
32704,man,24,18-24 years
5436,man,31,25-34 years
75294,man,24,18-24 years
93671,man,32,25-34 years
41250,man,37,35-44 years
26579,man,25,25-34 years
63417,man,37,35-44 years
36240,man,37,35-44 years
14856,man,44,35-44 years
10936,woman,33,25-34 years
43906,man,43,35-44 years
38490,man,40,35-44 years
69410,man,26,25-34 years
50348,man,29,25-34 years
90657,woman,26,25-34 years
4637,man,46,45-54 years
43956,man,38,35-44 years
85097,man,39,35-44 years
79461,man,41,35-44 years
7159,man,27,25-34 years
21730,man,32,25-34 years
8716,man,31,25-34 years
29816,man,32,25-34 years
56721,man,33,25-34 years
61425,man,36,35-44 years
2485,man,33,25-34 years
18679,woman,27,25-34 years
35917,man,29,25-34 years
85023,man,35,35-44 years
5987,woman,27,25-34 years
41873,man,35,35-44 years
83127,man,45,45-54 years
74025,man,22,18-24 years
50871,man,31,25-34 years
15374,man,32,25-34 years
24769,woman,52,45-54 years
48316,woman,33,25-34 years
15809,man,40,35-44 years
71230,man,33,25-34 years
40315,man,38,35-44 years
75068,man,33,25-34 years
3875,man,37,35-44 years
21364,man,33,25-34 years
32980,man,28,25-34 years
59261,man,30,25-34 years
49675,man,27,25-34 years
96720,man,36,35-44 years
29863,woman,29,25-34 years
97201,man,31,25-34 years
61873,man,31,25-34 years
14096,man,34,25-34 years
49863,man,23,18-24 years
15320,man,30,25-34 years
81305,man,42,35-44 years
80965,man,46,45-54 years
20751,woman,22,18-24 years
2631,man,28,25-34 years
62047,man,27,25-34 years
68597,man,36,35-44 years
28905,man,41,35-44 years
74013,man,24,18-24 years
4263,man,44,35-44 years
87604,man,40,35-44 years
40726,man,40,35-44 years
19367,man,38,35-44 years
59342,man,27,25-34 years
47308,man,26,25-34 years
43521,man,34,25-34 years
18350,man,31,25-34 years
24859,woman,39,35-44 years
69815,man,44,35-44 years
35781,man,23,18-24 years
14769,man,22,18-24 years
84329,man,28,25-34 years
91065,man,39,35-44 years
42156,woman,35,35-44 years
75308,man,37,35-44 years
98243,man,45,45-54 years
90267,woman,33,25-34 years
65203,man,42,35-44 years
5483,woman,35,35-44 years
65908,woman,38,35-44 years
95072,man,39,35-44 years
61732,man,26,25-34 years
47901,man,23,18-24 years
62804,man,24,18-24 years
24319,man,28,25-34 years
27864,man,28,25-34 years
75241,man,24,18-24 years
34815,woman,37,35-44 years
14580,woman,32,25-34 years
81946,woman,34,25-34 years
79680,man,32,25-34 years
78092,man,49,45-54 years
53467,woman,32,25-34 years
90582,man,24,18-24 years
64071,woman,33,25-34 years
47162,woman,32,25-34 years
86173,woman,35,35-44 years
13269,man,26,25-34 years
37984,man,27,25-34 years
26759,woman,30,25-34 years
70953,man,28,25-34 years
94325,woman,37,35-44 years
94871,man,35,35-44 years
56248,man,33,25-34 years
49615,woman,36,35-44 years
82014,man,39,35-44 years
62490,man,29,25-34 years
12754,man,32,25-34 years
23971,man,24,18-24 years
73498,man,33,25-34 years
92683,man,39,35-44 years
14802,man,22,18-24 years
20154,man,39,35-44 years
74362,man,43,35-44 years
19768,man,41,35-44 years
54820,man,37,35-44 years
47309,woman,32,25-34 years
19763,man,34,25-34 years
1275,man,41,35-44 years
68971,man,43,35-44 years
64127,man,42,35-44 years
30642,man,45,45-54 years
45069,man,30,25-34 years
63720,woman,30,25-34 years
2674,man,26,25-34 years
97805,man,34,25-34 years
37924,man,26,25-34 years
63280,man,35,35-44 years
69542,man,22,18-24 years
98504,man,28,25-34 years
71038,man,42,35-44 years
70396,man,28,25-34 years
97245,man,34,25-34 years
69174,woman,33,25-34 years
56327,man,35,35-44 years
74832,man,26,25-34 years
70429,man,33,25-34 years
50876,woman,29,25-34 years
76038,man,45,45-54 years
64072,woman,35,35-44 years
96150,man,46,45-54 years
15493,man,35,35-44 years
42315,woman,39,35-44 years
76145,man,26,25-34 years
93246,man,39,35-44 years
75816,man,40,35-44 years
61589,man,45,45-54 years
63159,man,29,25-34 years
42638,man,33,25-34 years
59012,man,53,45-54 years
83271,man,25,25-34 years
4758,woman,32,25-34 years
75920,woman,43,35-44 years
96042,woman,27,25-34 years
75940,man,27,25-34 years
9284,man,35,35-44 years
87519,man,24,18-24 years
83427,man,38,35-44 years
47680,man,28,25-34 years
43961,man,49,45-54 years
34862,man,23,18-24 years
23154,woman,44,35-44 years
72901,man,26,25-34 years
95803,man,33,25-34 years
15720,man,38,35-44 years
38547,man,33,25-34 years
94205,man,25,25-34 years
50743,woman,36,35-44 years
34765,man,28,25-34 years
58604,man,25,25-34 years
40265,man,36,35-44 years
2984,woman,31,25-34 years
56972,man,39,35-44 years
61257,man,25,25-34 years
71692,man,29,25-34 years
21950,man,36,35-44 years
70465,woman,30,25-34 years
74038,woman,33,25-34 years
25731,man,49,45-54 years
59817,man,29,25-34 years
69584,man,36,35-44 years
42015,woman,29,25-34 years
30648,man,34,25-34 years
37902,man,37,35-44 years
98756,man,35,35-44 years
64825,man,51,45-54 years
85173,man,35,35-44 years
9834,man,27,25-34 years
82379,man,31,25-34 years
17093,man,23,18-24 years
97132,man,23,18-24 years
68429,man,35,35-44 years
93605,woman,31,25-34 years
14238,man,39,35-44 years
46753,woman,28,25-34 years
14530,man,26,25-34 years
58971,woman,31,25-34 years
35107,man,26,25-34 years
72195,man,41,35-44 years
68742,man,28,25-34 years
74583,man,32,25-34 years
80742,woman,34,25-34 years
45702,woman,33,25-34 years
54927,man,38,35-44 years
89267,man,46,45-54 years
63871,man,35,35-44 years
79846,woman,30,25-34 years
14950,man,33,25-34 years
64025,man,34,25-34 years
14658,man,32,25-34 years
81026,man,29,25-34 years
12675,woman,31,25-34 years
65187,woman,21,18-24 years
57319,woman,32,25-34 years
35160,man,31,25-34 years
73681,man,33,25-34 years
7591,man,31,25-34 years
60895,woman,26,25-34 years
84236,man,30,25-34 years
82406,man,28,25-34 years
60379,man,30,25-34 years
50346,man,34,25-34 years
48370,man,27,25-34 years
95604,woman,32,25-34 years
68230,man,45,45-54 years
31287,man,34,25-34 years
87241,man,23,18-24 years
97258,woman,27,25-34 years
74839,man,43,35-44 years
92743,man,24,18-24 years
9423,man,28,25-34 years
50368,woman,31,25-34 years
57918,man,39,35-44 years
6795,man,27,25-34 years
16734,woman,31,25-34 years
92603,man,45,45-54 years
14507,man,25,25-34 years
36954,woman,24,18-24 years
40832,woman,29,25-34 years
69130,woman,33,25-34 years
32147,man,39,35-44 years
35671,man,49,45-54 years
91802,man,31,25-34 years
85912,woman,28,25-34 years
67254,man,25,25-34 years
84653,man,21,18-24 years
40268,man,38,35-44 years
15306,man,35,35-44 years
72354,woman,29,25-34 years
27659,man,31,25-34 years
81963,woman,43,35-44 years
71403,man,23,18-24 years
39164,man,34,25-34 years
38961,man,34,25-34 years
46921,man,48,45-54 years
93261,man,27,25-34 years
76139,man,24,18-24 years
59140,man,21,18-24 years
31569,man,26,25-34 years
58247,woman,31,25-34 years
9148,man,35,35-44 years
67504,man,33,25-34 years
43506,man,35,35-44 years
6231,man,42,35-44 years
74953,man,38,35-44 years
53427,woman,39,35-44 years
60759,woman,32,25-34 years
62178,man,22,18-24 years
59130,man,53,45-54 years
38129,man,33,25-34 years
28764,man,25,25-34 years
3298,man,38,35-44 years
92571,man,40,35-44 years
84102,woman,34,25-34 years
48213,man,33,25-34 years
50286,man,22,18-24 years
94305,woman,33,25-34 years
72903,man,41,35-44 years
41857,man,33,25-34 years
58124,man,32,25-34 years
68172,man,35,35-44 years
79584,man,31,25-34 years
30785,man,32,25-34 years
40826,man,23,18-24 years
64705,man,29,25-34 years
68034,man,32,25-34 years
72510,man,31,25-34 years
80231,man,49,45-54 years
67054,man,40,35-44 years
76140,man,25,25-34 years
1364,man,23,18-24 years
97230,man,40,35-44 years
60421,woman,30,25-34 years
78163,man,39,35-44 years
39170,man,35,35-44 years
14297,man,47,45-54 years
97463,man,37,35-44 years
34178,woman,30,25-34 years
32051,man,27,25-34 years
56389,man,35,35-44 years
25137,man,27,25-34 years
85960,man,33,25-34 years
54039,man,29,25-34 years
58462,man,25,25-34 years
37569,man,34,25-34 years
95403,woman,33,25-34 years
84360,woman,27,25-34 years
81263,woman,43,35-44 years
40578,man,28,25-34 years
8621,man,36,35-44 years
74238,man,26,25-34 years
28063,woman,32,25-34 years
36924,man,31,25-34 years
26571,man,47,45-54 years
62108,man,37,35-44 years
9823,man,33,25-34 years
18673,woman,35,35-44 years
97635,man,35,35-44 years
83206,man,33,25-34 years
34780,man,41,35-44 years
63451,woman,36,35-44 years
73910,woman,33,25-34 years
50764,man,38,35-44 years
86970,woman,35,35-44 years
36892,woman,32,25-34 years
86713,man,25,25-34 years
29708,man,29,25-34 years
9843,man,39,35-44 years
89302,man,27,25-34 years
36947,woman,31,25-34 years
5429,woman,34,25-34 years
82647,man,32,25-34 years
2561,man,24,18-24 years
91540,woman,31,25-34 years
25983,man,34,25-34 years
46857,woman,28,25-34 years
32069,man,27,25-34 years
1467,man,24,18-24 years
57490,man,45,45-54 years
75102,woman,34,25-34 years
17234,man,35,35-44 years
6325,woman,39,35-44 years
75123,man,27,25-34 years
94625,man,26,25-34 years
48391,man,37,35-44 years
70269,man,35,35-44 years
96015,woman,30,25-34 years
70649,man,32,25-34 years
28590,man,30,25-34 years
50793,woman,28,25-34 years
42509,man,36,35-44 years
72891,man,42,35-44 years
8451,man,34,25-34 years
87239,man,35,35-44 years
37948,woman,32,25-34 years
52746,woman,31,25-34 years
74963,man,48,45-54 years
50273,man,28,25-34 years
81035,man,26,25-34 years
97160,man,25,25-34 years
8175,man,33,25-34 years
60794,man,26,25-34 years
6531,man,52,45-54 years
30546,man,32,25-34 years
26014,man,32,25-34 years
68407,man,28,25-34 years
16598,man,26,25-34 years
35689,man,30,25-34 years
13857,man,29,25-34 years
2374,man,32,25-34 years
20374,man,24,18-24 years
38742,man,32,25-34 years
5846,man,25,25-34 years
36152,woman,36,35-44 years
1743,man,29,25-34 years
78402,man,48,45-54 years
97815,man,33,25-34 years
13459,man,25,25-34 years
5734,man,23,18-24 years
86934,man,32,25-34 years
51948,man,33,25-34 years
31294,man,51,45-54 years
49126,man,31,25-34 years
85092,man,44,35-44 years
57681,man,31,25-34 years
30761,man,29,25-34 years
1967,man,31,25-34 years
67980,man,29,25-34 years
13895,man,52,45-54 years
83607,man,42,35-44 years
4798,man,35,35-44 years
91075,man,32,25-34 years
91547,woman,31,25-34 years
40815,man,30,25-34 years
42019,man,27,25-34 years
82359,man,34,25-34 years
48936,man,35,35-44 years
90847,woman,40,35-44 years
42178,woman,32,25-34 years
30462,man,31,25-34 years
74062,woman,25,25-34 years
65871,man,28,25-34 years
92854,woman,28,25-34 years
80954,man,33,25-34 years
57908,woman,30,25-34 years
86453,man,25,25-34 years
82346,man,35,35-44 years
70395,man,35,35-44 years
13968,man,25,25-34 years
10967,woman,32,25-34 years
94068,man,49,45-54 years
74203,woman,28,25-34 years
63087,man,33,25-34 years
76910,man,28,25-34 years
3568,man,39,35-44 years
8637,man,43,35-44 years
62018,man,36,35-44 years
49536,man,28,25-34 years
59128,woman,31,25-34 years
70143,woman,26,25-34 years
5213,man,49,45-54 years
94216,man,32,25-34 years
1492,man,28,25-34 years
73258,man,26,25-34 years
75134,man,42,35-44 years
93728,man,22,18-24 years
82190,man,29,25-34 years
43725,man,32,25-34 years
72893,man,28,25-34 years
18204,man,48,45-54 years
91375,man,38,35-44 years
39528,man,41,35-44 years
32140,man,34,25-34 years
73806,woman,25,25-34 years
48932,man,41,35-44 years
27986,woman,32,25-34 years
63524,man,26,25-34 years
47528,man,28,25-34 years
96325,man,33,25-34 years
95843,man,24,18-24 years
60197,man,51,45-54 years
67810,man,30,25-34 years
75280,man,25,25-34 years
56497,woman,35,35-44 years
26709,man,33,25-34 years
70984,woman,32,25-34 years
6483,woman,27,25-34 years
84237,man,31,25-34 years
85426,woman,34,25-34 years
90826,woman,35,35-44 years
62531,man,29,25-34 years
29786,man,25,25-34 years
39842,man,26,25-34 years
19238,woman,34,25-34 years
54728,man,28,25-34 years
89532,man,27,25-34 years
40792,man,27,25-34 years
13042,man,32,25-34 years
50683,man,48,45-54 years
90718,man,39,35-44 years
30982,woman,27,25-34 years
18306,man,25,25-34 years
96238,man,35,35-44 years
41035,woman,26,25-34 years
12936,man,27,25-34 years
2581,woman,27,25-34 years
63709,man,48,45-54 years
70194,man,42,35-44 years
71658,man,35,35-44 years
24095,woman,28,25-34 years
56231,woman,26,25-34 years
29710,man,25,25-34 years
87309,man,36,35-44 years
59738,man,43,35-44 years
87429,man,29,25-34 years
35642,man,34,25-34 years
87251,man,30,25-34 years
36210,man,33,25-34 years
39541,woman,24,18-24 years
62043,man,44,35-44 years
9863,woman,31,25-34 years
71452,man,53,45-54 years
20145,woman,31,25-34 years
1892,man,41,35-44 years
32174,woman,20,18-24 years
96104,man,25,25-34 years
65204,man,25,25-34 years
92051,woman,41,35-44 years
15746,man,24,18-24 years
92417,man,29,25-34 years
29140,man,32,25-34 years
16947,man,33,25-34 years
20165,woman,28,25-34 years
71846,man,44,35-44 years
89517,man,23,18-24 years
5798,woman,32,25-34 years
46380,woman,30,25-34 years
45931,man,25,25-34 years
86452,man,21,18-24 years
9841,man,35,35-44 years
16894,man,27,25-34 years
48059,woman,30,25-34 years
54978,man,32,25-34 years
50927,woman,27,25-34 years
87619,woman,34,25-34 years
96874,woman,26,25-34 years
23059,man,39,35-44 years
31409,man,33,25-34 years
78236,man,30,25-34 years
74230,man,31,25-34 years
71834,woman,35,35-44 years
92750,man,24,18-24 years
57103,man,30,25-34 years
98340,woman,24,18-24 years
97153,woman,33,25-34 years
91308,woman,34,25-34 years
49806,man,25,25-34 years
39470,woman,30,25-34 years
75203,man,33,25-34 years
35912,man,44,35-44 years
14375,woman,30,25-34 years
98473,man,27,25-34 years
72864,man,41,35-44 years
28195,man,32,25-34 years
5198,woman,29,25-34 years
25913,man,35,35-44 years
49360,man,33,25-34 years
91647,man,48,45-54 years
42187,man,27,25-34 years
5489,man,26,25-34 years
37580,woman,29,25-34 years
28196,man,26,25-34 years
38157,man,35,35-44 years
78031,man,22,18-24 years
52640,woman,30,25-34 years
43907,man,27,25-34 years
28670,man,45,45-54 years
74259,man,39,35-44 years
10589,man,43,35-44 years
21946,man,39,35-44 years
92413,man,39,35-44 years
81760,man,39,35-44 years
5269,man,27,25-34 years
74650,man,29,25-34 years
98457,woman,26,25-34 years
43170,man,28,25-34 years
97015,man,39,35-44 years
47159,woman,42,35-44 years
47128,man,54,45-54 years
71836,man,41,35-44 years
10843,man,44,35-44 years
48379,man,41,35-44 years
89102,man,24,18-24 years
48651,man,33,25-34 years
60185,man,24,18-24 years
93085,man,38,35-44 years
72456,woman,32,25-34 years
87596,man,28,25-34 years
98316,man,48,45-54 years
40529,man,25,25-34 years
69472,man,23,18-24 years
43650,man,25,25-34 years
53849,man,46,45-54 years
84521,man,26,25-34 years
68579,man,32,25-34 years
38954,woman,26,25-34 years
70381,man,44,35-44 years
92160,man,43,35-44 years
59203,woman,31,25-34 years
31097,woman,32,25-34 years
19604,man,23,18-24 years
95872,man,34,25-34 years
60128,man,31,25-34 years
56108,woman,32,25-34 years
16048,woman,26,25-34 years
54831,man,39,35-44 years
56134,man,35,35-44 years
31948,man,42,35-44 years
83760,man,25,25-34 years
10574,man,32,25-34 years
60789,woman,32,25-34 years
8125,woman,44,35-44 years
65093,woman,32,25-34 years
24069,man,38,35-44 years
73251,man,33,25-34 years
23954,man,48,45-54 years
68531,man,36,35-44 years
49831,man,26,25-34 years
62057,woman,26,25-34 years
19342,man,32,25-34 years
25170,woman,30,25-34 years
2416,man,26,25-34 years
24061,man,23,18-24 years
71486,man,27,25-34 years
1796,woman,37,35-44 years
7286,man,41,35-44 years
57043,man,45,45-54 years
6295,man,24,18-24 years
28154,man,26,25-34 years
72035,man,30,25-34 years
79328,man,31,25-34 years
21890,woman,35,35-44 years
34805,man,25,25-34 years
8524,woman,31,25-34 years
70829,woman,32,25-34 years
12968,woman,32,25-34 years
6859,man,34,25-34 years
19062,man,42,35-44 years
38217,man,41,35-44 years
68527,man,34,25-34 years
59716,man,32,25-34 years
29841,man,47,45-54 years
35482,man,38,35-44 years
31450,man,26,25-34 years
47819,man,47,45-54 years
67159,man,33,25-34 years
13764,man,37,35-44 years
67021,man,39,35-44 years
47561,man,28,25-34 years
49671,man,27,25-34 years
20974,man,48,45-54 years
38105,man,29,25-34 years
75210,man,50,45-54 years
59217,man,21,18-24 years
85012,man,33,25-34 years
40758,woman,29,25-34 years
91683,man,29,25-34 years
75381,man,28,25-34 years
82547,man,25,25-34 years
97021,man,35,35-44 years
46837,woman,46,45-54 years
49870,man,37,35-44 years
27418,man,28,25-34 years
67580,man,25,25-34 years
1924,man,34,25-34 years
69024,man,24,18-24 years
80297,man,28,25-34 years
12678,man,46,45-54 years
85269,man,29,25-34 years
31902,man,37,35-44 years
61870,woman,36,35-44 years
59073,man,33,25-34 years
45201,man,32,25-34 years
32650,woman,24,18-24 years
94506,man,34,25-34 years
13495,man,26,25-34 years
63814,man,28,25-34 years
4759,woman,35,35-44 years
5936,man,20,18-24 years
63710,woman,32,25-34 years
85704,man,35,35-44 years
2317,man,31,25-34 years
53607,man,26,25-34 years
70865,man,42,35-44 years
79856,woman,30,25-34 years
89324,man,42,35-44 years
52476,man,44,35-44 years
71398,man,29,25-34 years
16832,man,28,25-34 years
65012,man,37,35-44 years
51029,man,39,35-44 years
63415,man,44,35-44 years
1698,woman,32,25-34 years
7234,woman,29,25-34 years
71532,man,31,25-34 years
34602,woman,19,18-24 years
30914,woman,32,25-34 years
91276,man,33,25-34 years
16039,man,32,25-34 years
10584,man,40,35-44 years
42897,man,41,35-44 years
4879,man,26,25-34 years
86437,man,34,25-34 years
59487,man,29,25-34 years
62417,woman,27,25-34 years
80614,woman,25,25-34 years
79250,man,22,18-24 years
8546,man,40,35-44 years
86751,man,25,25-34 years
2946,woman,25,25-34 years
71839,man,36,35-44 years
80625,man,28,25-34 years
56908,man,33,25-34 years
65017,man,29,25-34 years
46509,man,39,35-44 years
46582,woman,36,35-44 years
15480,man,39,35-44 years
82367,man,27,25-34 years
5148,woman,31,25-34 years
94017,man,45,45-54 years
31748,man,32,25-34 years
42739,man,26,25-34 years
54781,man,50,45-54 years
49607,man,22,18-24 years
80347,man,42,35-44 years
38179,man,36,35-44 years
19203,man,35,35-44 years
79351,man,28,25-34 years
41527,man,26,25-34 years
49701,woman,25,25-34 years
75693,man,35,35-44 years
49802,woman,27,25-34 years
13579,man,35,35-44 years
95467,woman,25,25-34 years
76219,man,24,18-24 years
35074,woman,33,25-34 years
82150,man,25,25-34 years
49728,man,28,25-34 years
48792,man,34,25-34 years
42681,woman,28,25-34 years
28704,man,33,25-34 years
13596,man,30,25-34 years
32716,man,31,25-34 years
50289,woman,32,25-34 years
50198,man,23,18-24 years
21605,man,30,25-34 years
51032,man,26,25-34 years
56143,woman,39,35-44 years
56130,woman,37,35-44 years
56917,woman,34,25-34 years
10748,woman,61,55-64 years
4859,man,25,25-34 years
20739,man,43,35-44 years
20879,man,39,35-44 years
42673,man,32,25-34 years
28439,man,26,25-34 years
94130,man,38,35-44 years
20781,man,43,35-44 years
8645,man,48,45-54 years
81964,woman,33,25-34 years
21394,man,23,18-24 years
92710,man,33,25-34 years
63915,man,28,25-34 years
19860,man,28,25-34 years
41832,woman,43,35-44 years
92086,woman,32,25-34 years
46251,man,35,35-44 years
68042,man,23,18-24 years
16529,woman,31,25-34 years
31758,man,30,25-34 years
75198,woman,27,25-34 years
14072,man,34,25-34 years
7539,man,24,18-24 years
84153,man,24,18-24 years
43691,woman,28,25-34 years
6931,woman,38,35-44 years
54069,man,30,25-34 years
71528,man,46,45-54 years
16097,man,33,25-34 years
60973,woman,35,35-44 years
64752,woman,30,25-34 years
9457,man,35,35-44 years
64730,man,28,25-34 years
70561,man,42,35-44 years
43721,man,37,35-44 years
10572,man,30,25-34 years
36092,man,27,25-34 years
89026,woman,31,25-34 years
75096,man,33,25-34 years
8241,man,28,25-34 years
75839,woman,30,25-34 years
85147,man,26,25-34 years
87691,man,32,25-34 years
41908,man,24,18-24 years
52698,woman,28,25-34 years
74061,man,34,25-34 years
73406,man,45,45-54 years
46783,man,45,45-54 years
34015,man,39,35-44 years
96820,man,24,18-24 years
78539,man,30,25-34 years
14893,woman,32,25-34 years
36178,woman,30,25-34 years
9781,man,29,25-34 years
7836,man,37,35-44 years
36751,man,38,35-44 years
61527,woman,33,25-34 years
67983,man,31,25-34 years
67801,man,33,25-34 years
98215,woman,35,35-44 years
97623,man,28,25-34 years
92430,woman,38,35-44 years
95810,man,36,35-44 years
9286,man,35,35-44 years
71058,man,34,25-34 years
56024,man,40,35-44 years
17853,man,35,35-44 years
67548,man,23,18-24 years
91024,woman,32,25-34 years
28639,man,32,25-34 years
1937,woman,27,25-34 years
65248,man,26,25-34 years
32947,man,40,35-44 years
12643,man,30,25-34 years
95038,man,23,18-24 years
93082,man,42,35-44 years
49063,man,24,18-24 years
10659,woman,27,25-34 years
4295,man,41,35-44 years
71903,man,48,45-54 years
45103,man,24,18-24 years
82705,man,33,25-34 years
68921,woman,27,25-34 years
31769,man,26,25-34 years
19678,man,32,25-34 years
60927,man,30,25-34 years
86054,man,25,25-34 years
58096,man,42,35-44 years
58309,man,40,35-44 years
3528,man,34,25-34 years
18529,woman,28,25-34 years
56340,woman,27,25-34 years
61820,man,25,25-34 years
54780,man,32,25-34 years
17908,woman,29,25-34 years
42601,woman,32,25-34 years
8452,man,39,35-44 years
86425,man,32,25-34 years
8219,man,34,25-34 years
46928,man,32,25-34 years
86451,man,42,35-44 years
72640,man,31,25-34 years
42810,man,42,35-44 years
39041,man,43,35-44 years
14823,man,42,35-44 years
49351,man,33,25-34 years
27843,woman,31,25-34 years
97604,man,34,25-34 years
92876,man,40,35-44 years
85172,woman,29,25-34 years
42083,woman,28,25-34 years
58109,woman,30,25-34 years
92013,woman,27,25-34 years
63712,man,22,18-24 years
98047,man,25,25-34 years
24607,man,43,35-44 years
14728,man,45,45-54 years
10328,man,22,18-24 years
64910,man,45,45-54 years
3745,woman,26,25-34 years
59041,man,24,18-24 years
21908,man,25,25-34 years
46710,man,52,45-54 years
7852,woman,29,25-34 years
28597,man,26,25-34 years
42376,man,21,18-24 years
32854,man,33,25-34 years
90342,woman,32,25-34 years
71042,man,31,25-34 years
12074,man,43,35-44 years
67802,man,30,25-34 years
95874,woman,26,25-34 years
81309,man,25,25-34 years
82469,man,48,45-54 years
65403,man,28,25-34 years
87925,man,39,35-44 years
46938,man,30,25-34 years
13609,man,27,25-34 years
38201,man,40,35-44 years
6534,woman,30,25-34 years
78930,man,33,25-34 years
94018,woman,33,25-34 years
15072,man,35,35-44 years
78306,man,31,25-34 years
67125,woman,31,25-34 years
5761,man,24,18-24 years
4183,woman,36,35-44 years
47592,man,26,25-34 years
6275,man,27,25-34 years
54319,man,35,35-44 years
79104,man,34,25-34 years
91273,man,39,35-44 years
7239,man,30,25-34 years
89107,man,30,25-34 years
51870,man,26,25-34 years
52068,man,24,18-24 years
95426,man,29,25-34 years
82413,man,26,25-34 years
24351,man,26,25-34 years
53068,man,30,25-34 years
27480,man,31,25-34 years
62843,man,33,25-34 years
51349,man,39,35-44 years
48630,man,33,25-34 years
36915,man,25,25-34 years
72168,woman,32,25-34 years
30182,woman,26,25-34 years
9814,woman,32,25-34 years
6431,woman,31,25-34 years
96452,man,27,25-34 years
39576,woman,48,45-54 years
93650,man,26,25-34 years
49826,man,32,25-34 years
81675,woman,33,25-34 years
61890,woman,49,45-54 years
41372,man,26,25-34 years
51284,woman,33,25-34 years
93740,man,45,45-54 years
35460,man,31,25-34 years
30598,man,39,35-44 years
82657,woman,27,25-34 years
97305,man,31,25-34 years
71503,man,40,35-44 years
56741,woman,30,25-34 years
86307,man,45,45-54 years
23061,man,48,45-54 years
68947,man,44,35-44 years
51209,man,32,25-34 years
31096,woman,13,13-17 years
58419,man,44,35-44 years
38761,man,33,25-34 years
28763,woman,48,45-54 years
17623,man,24,18-24 years
1896,man,42,35-44 years
60384,woman,27,25-34 years
84069,woman,30,25-34 years
79865,man,28,25-34 years
91240,man,61,55-64 years
30248,woman,33,25-34 years
69087,man,48,45-54 years
18034,man,39,35-44 years
91768,man,28,25-34 years
54098,man,24,18-24 years
3482,man,34,25-34 years
49618,man,35,35-44 years
61037,man,30,25-34 years
59364,woman,33,25-34 years
56870,woman,40,35-44 years
34596,man,43,35-44 years
83264,man,45,45-54 years
67014,woman,44,35-44 years
64215,man,26,25-34 years
69423,man,27,25-34 years
2543,woman,30,25-34 years
45269,man,45,45-54 years
10785,man,39,35-44 years
97823,man,41,35-44 years
31205,man,32,25-34 years
38251,man,28,25-34 years
87094,woman,35,35-44 years
56419,man,35,35-44 years
37140,man,39,35-44 years
6539,man,34,25-34 years
12953,man,36,35-44 years
3124,man,27,25-34 years
64193,man,42,35-44 years
17834,man,35,35-44 years
41907,man,42,35-44 years
4783,man,41,35-44 years
70435,woman,28,25-34 years
74630,man,37,35-44 years
52619,man,44,35-44 years
35869,man,29,25-34 years
98124,man,37,35-44 years
20945,man,42,35-44 years
45307,woman,28,25-34 years
2691,man,24,18-24 years
23091,man,24,18-24 years
41203,man,35,35-44 years
82596,woman,38,35-44 years
79850,man,32,25-34 years
89250,man,33,25-34 years
70851,man,34,25-34 years
50624,man,35,35-44 years
5918,man,24,18-24 years
93618,man,38,35-44 years
74356,man,43,35-44 years
34018,man,32,25-34 years
25968,man,30,25-34 years
78915,man,27,25-34 years
1392,man,29,25-34 years
8196,woman,33,25-34 years
64130,man,28,25-34 years
28790,woman,33,25-34 years
13428,woman,31,25-34 years
46051,man,30,25-34 years
81027,man,34,25-34 years
21749,man,39,35-44 years
24631,woman,32,25-34 years
57693,woman,32,25-34 years
83560,woman,27,25-34 years
69057,man,28,25-34 years
74183,man,31,25-34 years
97456,man,30,25-34 years
7692,man,29,25-34 years
62375,man,21,18-24 years
36981,woman,33,25-34 years
18397,man,32,25-34 years
54102,man,39,35-44 years
78619,man,31,25-34 years
2168,man,30,25-34 years
96701,man,28,25-34 years
41087,man,50,45-54 years
41923,man,30,25-34 years
38956,man,28,25-34 years
60193,man,30,25-34 years
29308,man,34,25-34 years
68390,man,26,25-34 years
25489,man,31,25-34 years
74380,man,35,35-44 years
61407,man,52,45-54 years
73849,woman,28,25-34 years
57431,woman,33,25-34 years
94732,man,22,18-24 years
4273,woman,31,25-34 years
12489,woman,29,25-34 years
38072,man,31,25-34 years
18294,man,33,25-34 years
53206,man,34,25-34 years
3847,man,35,35-44 years
75821,woman,32,25-34 years
78560,man,31,25-34 years
35062,man,52,45-54 years
10283,man,23,18-24 years
94507,man,32,25-34 years
95260,man,21,18-24 years
92408,man,36,35-44 years
25760,man,39,35-44 years
95830,man,22,18-24 years
1649,man,44,35-44 years
93087,man,30,25-34 years
97531,man,23,18-24 years
45172,man,39,35-44 years
84901,man,52,45-54 years
31896,man,35,35-44 years
52706,man,31,25-34 years
56789,man,24,18-24 years
43608,man,26,25-34 years
28479,woman,26,25-34 years
26573,woman,46,45-54 years
29463,man,47,45-54 years
42309,man,35,35-44 years
75931,woman,35,35-44 years
45698,man,24,18-24 years
16340,man,26,25-34 years
43026,woman,27,25-34 years
53821,man,46,45-54 years
17025,woman,31,25-34 years
38047,man,29,25-34 years
17596,woman,33,25-34 years
34067,woman,23,18-24 years
35097,man,35,35-44 years
3567,man,27,25-34 years
69258,woman,41,35-44 years
19248,man,25,25-34 years
4718,man,43,35-44 years
17950,man,31,25-34 years
12650,woman,30,25-34 years
1564,man,28,25-34 years
51629,man,34,25-34 years
29437,woman,28,25-34 years
91675,man,25,25-34 years
76354,man,31,25-34 years
43185,woman,29,25-34 years
90728,woman,32,25-34 years
93586,woman,24,18-24 years
78095,woman,30,25-34 years
21436,man,38,35-44 years
68307,man,43,35-44 years
94370,man,31,25-34 years
84927,man,25,25-34 years
35860,man,39,35-44 years
43089,woman,38,35-44 years
72164,woman,26,25-34 years
91027,man,21,18-24 years
50263,man,33,25-34 years
39401,man,40,35-44 years
83901,man,28,25-34 years
20718,man,29,25-34 years
74326,man,48,45-54 years
69520,man,47,45-54 years
25706,man,21,18-24 years
13276,man,31,25-34 years
31849,man,40,35-44 years
80976,man,25,25-34 years
87510,man,30,25-34 years
15368,man,40,35-44 years
13478,man,30,25-34 years
2764,man,30,25-34 years
5183,woman,27,25-34 years
81093,man,36,35-44 years
95081,man,29,25-34 years
87610,man,31,25-34 years
76510,woman,34,25-34 years
46830,man,33,25-34 years
80317,man,41,35-44 years
34816,man,35,35-44 years
79146,woman,34,25-34 years
42865,man,24,18-24 years
52079,man,23,18-24 years
76152,man,43,35-44 years
83045,man,42,35-44 years
32670,man,48,45-54 years
10682,man,33,25-34 years
14296,man,50,45-54 years
96381,man,33,25-34 years
45723,man,44,35-44 years
30251,woman,25,25-34 years
94081,man,25,25-34 years
23619,woman,33,25-34 years
35794,man,43,35-44 years
45891,man,36,35-44 years
72064,man,34,25-34 years
94780,man,34,25-34 years
57923,woman,39,35-44 years
39465,man,32,25-34 years
1498,woman,29,25-34 years
23198,woman,56,55-64 years
24396,man,28,25-34 years
14372,man,27,25-34 years
10692,man,26,25-34 years
84273,man,25,25-34 years
62147,man,33,25-34 years
31876,woman,33,25-34 years
20936,woman,32,25-34 years
85126,man,35,35-44 years
53296,woman,32,25-34 years
13607,man,31,25-34 years
70123,man,25,25-34 years
64735,man,38,35-44 years
7193,man,28,25-34 years
93024,man,26,25-34 years
72680,man,30,25-34 years
21650,woman,28,25-34 years
4568,man,38,35-44 years
63285,woman,31,25-34 years
71689,man,25,25-34 years
89071,man,27,25-34 years
71502,man,22,18-24 years
31687,man,51,45-54 years
4938,man,26,25-34 years
7935,man,41,35-44 years
23478,man,33,25-34 years
52130,man,49,45-54 years
39821,woman,31,25-34 years
32409,man,29,25-34 years
98256,man,34,25-34 years
82079,woman,28,25-34 years
35608,man,26,25-34 years
72936,man,39,35-44 years
94501,woman,31,25-34 years
58497,man,39,35-44 years
84321,man,33,25-34 years
69523,woman,47,45-54 years
17530,man,31,25-34 years
36281,man,30,25-34 years
72361,man,30,25-34 years
85746,man,43,35-44 years
46739,man,29,25-34 years
90638,man,22,18-24 years
13859,man,24,18-24 years
54170,man,24,18-24 years
35948,woman,38,35-44 years
86954,man,24,18-24 years
90856,man,26,25-34 years
87412,woman,32,25-34 years
3178,woman,24,18-24 years
92867,man,36,35-44 years
68503,woman,32,25-34 years
19573,man,26,25-34 years
95064,man,27,25-34 years
29174,man,34,25-34 years
20913,man,22,18-24 years
67208,man,26,25-34 years
61423,woman,20,18-24 years
27956,man,22,18-24 years
43218,man,24,18-24 years
24197,man,32,25-34 years
54602,man,38,35-44 years
10287,man,34,25-34 years
3186,man,37,35-44 years
71259,woman,21,18-24 years
3718,man,42,35-44 years
1865,woman,31,25-34 years
1324,man,37,35-44 years
19586,man,33,25-34 years
23807,man,32,25-34 years
21693,man,24,18-24 years
16509,man,25,25-34 years
94870,man,31,25-34 years
69158,man,42,35-44 years
14602,man,36,35-44 years
42398,man,34,25-34 years
10693,woman,32,25-34 years
97625,woman,34,25-34 years
52867,man,36,35-44 years
50834,man,34,25-34 years
18790,man,33,25-34 years
53827,man,30,25-34 years
78532,man,32,25-34 years
89574,man,26,25-34 years
56374,man,51,45-54 years
67938,man,41,35-44 years
39540,woman,34,25-34 years
51283,man,39,35-44 years
21607,man,25,25-34 years
24603,man,24,18-24 years
8793,man,51,45-54 years
35048,man,30,25-34 years
76528,woman,36,35-44 years
79832,man,29,25-34 years
63714,man,37,35-44 years
61578,woman,24,18-24 years
20184,man,36,35-44 years
27914,man,32,25-34 years
23159,woman,31,25-34 years
3146,man,31,25-34 years
24178,woman,33,25-34 years
9213,man,34,25-34 years
89372,man,25,25-34 years
12094,man,51,45-54 years
7463,man,35,35-44 years
17082,man,28,25-34 years
19385,woman,24,18-24 years
18640,man,28,25-34 years
1975,man,24,18-24 years
59046,woman,32,25-34 years
34127,man,33,25-34 years
89536,man,33,25-34 years
83052,woman,35,35-44 years
14975,woman,30,25-34 years
1483,man,31,25-34 years
41637,man,29,25-34 years
15049,man,41,35-44 years
58602,man,27,25-34 years
75403,woman,29,25-34 years
15427,man,32,25-34 years
28197,man,34,25-34 years
7291,man,60,55-64 years
54896,man,27,25-34 years
3864,man,24,18-24 years
89642,woman,31,25-34 years
49280,man,24,18-24 years
23519,man,24,18-24 years
80237,man,25,25-34 years
13602,man,33,25-34 years
35614,man,43,35-44 years
42690,man,28,25-34 years
53876,man,31,25-34 years
46283,man,33,25-34 years
85764,man,31,25-34 years
46082,man,31,25-34 years
36542,man,33,25-34 years
58127,woman,32,25-34 years
75104,man,28,25-34 years
85927,woman,40,35-44 years
96078,man,35,35-44 years
59124,woman,35,35-44 years
62913,man,28,25-34 years
71902,woman,22,18-24 years
31497,man,24,18-24 years
97583,man,40,35-44 years
32960,man,32,25-34 years
86974,man,39,35-44 years
5249,man,38,35-44 years
97465,man,25,25-34 years
6524,woman,33,25-34 years
17904,woman,27,25-34 years
20194,woman,31,25-34 years
23076,woman,35,35-44 years
39285,man,35,35-44 years
30289,man,33,25-34 years
20759,man,26,25-34 years
89762,man,42,35-44 years
34152,woman,32,25-34 years
78039,man,33,25-34 years
43852,man,30,25-34 years
91358,man,24,18-24 years
1589,man,45,45-54 years
19487,man,38,35-44 years
74562,man,28,25-34 years
94620,man,36,35-44 years
90734,man,27,25-34 years
70452,man,26,25-34 years
72958,man,26,25-34 years
98657,man,29,25-34 years
85034,woman,32,25-34 years
18759,woman,23,18-24 years
49185,woman,37,35-44 years
68459,man,29,25-34 years
48051,man,34,25-34 years
41368,man,26,25-34 years
65814,woman,26,25-34 years
91283,man,31,25-34 years
6842,man,43,35-44 years
79638,man,48,45-54 years
41270,woman,33,25-34 years
30174,man,24,18-24 years
1643,woman,25,25-34 years
3981,man,30,25-34 years
17352,man,28,25-34 years
37295,man,27,25-34 years
28657,man,35,35-44 years
89602,man,34,25-34 years
74563,woman,27,25-34 years
7632,woman,29,25-34 years
58194,man,20,18-24 years
34710,man,21,18-24 years
51367,man,25,25-34 years
65094,man,37,35-44 years
86351,man,51,45-54 years
4682,woman,31,25-34 years
53914,man,27,25-34 years
65283,man,34,25-34 years
16824,man,43,35-44 years
58637,woman,31,25-34 years
3214,man,43,35-44 years
56104,woman,22,18-24 years
21043,man,31,25-34 years
18926,man,42,35-44 years
46270,man,33,25-34 years
41092,woman,28,25-34 years
37214,man,27,25-34 years
28435,man,30,25-34 years
45832,man,36,35-44 years
30257,man,25,25-34 years
68594,woman,25,25-34 years
85614,man,30,25-34 years
21780,man,34,25-34 years
71280,man,52,45-54 years
87351,man,21,18-24 years
79681,man,29,25-34 years
18693,man,18,18-24 years
68401,woman,28,25-34 years
89162,woman,32,25-34 years
69370,man,34,25-34 years
76890,man,24,18-24 years
96472,man,33,25-34 years
27950,man,32,25-34 years
92041,man,45,45-54 years
68954,man,35,35-44 years
9634,woman,33,25-34 years
47608,man,29,25-34 years
73982,man,23,18-24 years
74218,woman,41,35-44 years
70925,woman,27,25-34 years
42580,man,42,35-44 years
89251,woman,35,35-44 years
71628,man,31,25-34 years
5372,man,39,35-44 years
67109,woman,36,35-44 years
84219,man,41,35-44 years
5914,man,35,35-44 years
30286,man,27,25-34 years
89073,man,31,25-34 years
61798,man,30,25-34 years
41573,man,53,45-54 years
59380,man,20,18-24 years
67129,man,30,25-34 years
74802,man,26,25-34 years
70658,man,25,25-34 years
20485,man,37,35-44 years
97821,man,27,25-34 years
58924,man,28,25-34 years
50723,woman,32,25-34 years
67142,man,21,18-24 years
12673,man,30,25-34 years
26985,man,30,25-34 years
28695,man,30,25-34 years
86917,man,26,25-34 years
34521,man,33,25-34 years
98731,man,37,35-44 years
98170,woman,33,25-34 years
65407,man,24,18-24 years
96508,man,34,25-34 years
3795,man,37,35-44 years
30162,man,34,25-34 years
7126,man,29,25-34 years
48756,man,33,25-34 years
62184,woman,31,25-34 years
52437,man,47,45-54 years
18593,man,33,25-34 years
36875,man,27,25-34 years
62731,man,30,25-34 years
46520,man,30,25-34 years
51807,man,23,18-24 years
85072,man,25,25-34 years
85213,woman,33,25-34 years
37419,man,49,45-54 years
80425,woman,29,25-34 years
17594,man,31,25-34 years
51746,man,35,35-44 years
57984,man,30,25-34 years
93854,woman,39,35-44 years
42167,man,26,25-34 years
1349,man,24,18-24 years
16359,man,29,25-34 years
69728,man,31,25-34 years
58947,man,37,35-44 years
98305,man,46,45-54 years
46295,woman,40,35-44 years
14603,man,28,25-34 years
93148,woman,37,35-44 years
36102,man,33,25-34 years
43198,man,25,25-34 years
50813,woman,35,35-44 years
49673,man,35,35-44 years
50491,man,30,25-34 years
94302,man,28,25-34 years
43051,man,36,35-44 years
81097,man,44,35-44 years
3241,man,24,18-24 years
85132,man,34,25-34 years
46179,man,25,25-34 years
38417,man,30,25-34 years
83095,man,30,25-34 years
27341,man,29,25-34 years
54972,man,28,25-34 years
2967,man,35,35-44 years
32576,woman,35,35-44 years
16538,man,43,35-44 years
98723,woman,30,25-34 years
78903,woman,33,25-34 years
36028,man,29,25-34 years
7496,woman,31,25-34 years
5726,woman,31,25-34 years
98724,man,37,35-44 years
48715,man,54,45-54 years
28517,woman,44,35-44 years
47205,man,39,35-44 years
7135,man,27,25-34 years
62719,woman,31,25-34 years
86127,woman,39,35-44 years
30165,woman,31,25-34 years
7893,woman,25,25-34 years
71620,man,22,18-24 years
36980,man,31,25-34 years
35796,man,48,45-54 years
35602,man,22,18-24 years
30582,man,22,18-24 years
85107,woman,30,25-34 years
82950,man,29,25-34 years
76359,man,34,25-34 years
5463,man,35,35-44 years
60314,man,27,25-34 years
51894,man,27,25-34 years
85314,woman,35,35-44 years
48567,man,24,18-24 years
79854,woman,30,25-34 years
17953,man,37,35-44 years
92610,woman,32,25-34 years
78351,man,34,25-34 years
13986,woman,26,25-34 years
51706,man,29,25-34 years
76450,man,28,25-34 years
76913,man,27,25-34 years
10263,man,31,25-34 years
92014,man,29,25-34 years
41605,man,33,25-34 years
36729,man,25,25-34 years
13460,woman,31,25-34 years
51708,man,31,25-34 years
56128,woman,32,25-34 years
27801,man,28,25-34 years
32906,woman,39,35-44 years
14259,man,32,25-34 years
15926,man,32,25-34 years
79825,woman,30,25-34 years
81720,man,25,25-34 years
74625,man,37,35-44 years
91736,man,31,25-34 years
28374,man,28,25-34 years
21408,man,25,25-34 years
6824,man,29,25-34 years
16480,woman,22,18-24 years
15726,man,41,35-44 years
54801,man,27,25-34 years
58071,man,25,25-34 years
92354,man,33,25-34 years
50482,woman,32,25-34 years
90427,woman,28,25-34 years
73924,woman,31,25-34 years
61743,man,37,35-44 years
86023,man,32,25-34 years
90471,man,35,35-44 years
43152,man,30,25-34 years
28765,man,30,25-34 years
23760,man,40,35-44 years
62471,woman,29,25-34 years
18254,man,33,25-34 years
8254,man,31,25-34 years
50824,woman,27,25-34 years
65308,man,41,35-44 years
23908,woman,35,35-44 years
20657,man,32,25-34 years
52780,man,28,25-34 years
14059,man,30,25-34 years
15203,man,24,18-24 years
52183,man,29,25-34 years
13852,man,45,45-54 years
31029,man,28,25-34 years
47391,man,24,18-24 years
24905,man,49,45-54 years
72386,man,31,25-34 years
46823,woman,30,25-34 years
3296,woman,31,25-34 years
63589,man,30,25-34 years
67892,woman,43,35-44 years
94357,woman,33,25-34 years
36521,woman,36,35-44 years
46058,man,34,25-34 years
26043,man,25,25-34 years
34629,man,35,35-44 years
78015,man,21,18-24 years
15803,man,28,25-34 years
45930,man,24,18-24 years
54917,man,25,25-34 years
43571,man,41,35-44 years
61380,man,22,18-24 years
39640,woman,32,25-34 years
79824,man,33,25-34 years
26307,man,29,25-34 years
36107,woman,26,25-34 years
89056,man,33,25-34 years
16437,man,32,25-34 years
24687,man,45,45-54 years
2514,man,37,35-44 years
56873,man,31,25-34 years
75319,man,25,25-34 years
51046,man,40,35-44 years
9827,woman,33,25-34 years
68753,man,33,25-34 years
80451,man,31,25-34 years
73421,man,34,25-34 years
62509,woman,31,25-34 years
75846,man,25,25-34 years
29164,man,33,25-34 years
12374,woman,33,25-34 years
8523,woman,26,25-34 years
62019,man,22,18-24 years
2965,man,25,25-34 years
34076,man,21,18-24 years
98145,man,53,45-54 years
31847,man,35,35-44 years
62307,man,38,35-44 years
73914,man,31,25-34 years
57013,man,31,25-34 years
46205,man,30,25-34 years
56378,man,24,18-24 years
72839,man,32,25-34 years
81962,man,28,25-34 years
58326,woman,33,25-34 years
45923,man,24,18-24 years
91082,woman,33,25-34 years
51460,man,31,25-34 years
79346,woman,29,25-34 years
90753,man,39,35-44 years
91763,man,45,45-54 years
42319,woman,33,25-34 years
59726,woman,34,25-34 years
42391,woman,30,25-34 years
25634,man,34,25-34 years
49017,man,29,25-34 years
41830,woman,31,25-34 years
10835,man,36,35-44 years
87390,man,28,25-34 years
36420,man,25,25-34 years
39206,man,28,25-34 years
98751,man,39,35-44 years
23851,man,31,25-34 years
69042,woman,37,35-44 years
56723,man,38,35-44 years
68039,woman,31,25-34 years
47693,man,31,25-34 years
27156,man,35,35-44 years
28793,man,36,35-44 years
85741,man,33,25-34 years
93027,man,28,25-34 years
94358,woman,33,25-34 years
62198,man,31,25-34 years
90236,man,33,25-34 years
47530,woman,25,25-34 years
56891,man,53,45-54 years
60981,woman,33,25-34 years
76980,man,29,25-34 years
41506,man,38,35-44 years
61793,woman,31,25-34 years
4563,man,37,35-44 years
28096,man,19,18-24 years
61453,man,28,25-34 years
59287,woman,33,25-34 years
80246,woman,30,25-34 years
49067,woman,32,25-34 years
34508,man,54,45-54 years
76250,man,30,25-34 years
46197,man,29,25-34 years
4356,man,30,25-34 years
65931,man,46,45-54 years
60132,man,28,25-34 years
36054,man,36,35-44 years
